url,title,price,lat,lon,listing_id,section_alias,category_alias,rooms_structured,area_m2_structured,photo_count,is_estate_verified,is_booking_enabled,rental_period,Город,Площадь,Новостройка,scraped_at,Жилой комплекс,Этаж,Кухня студия,Состояние квартиры,Квартира меблирована,Безопасность,Бывшее общежитие,Мебель,Удобства,Санузел,Количество санузлов,Ванная комната,Окна,Балкон,Кому подойдет квартира,Застройщик,Лоджия,Тип дома,Год постройки,Балкон остеклён,Дверь,Телефон,Интернет,Парковка,Пол,Высота потолков
https://krisha.kz/a/show/1014056842,"2-комнатная квартира · 40 м², Калдаякова 51",220000,51.1097594109,71.522286035429,1014056842,arenda,kvartiry,2,40.0,5,False,False,monthly,"Астана, Алматы р-н",40 м²,False,2026-08-05T15:50:55+00:00,,,,,,,,,,,,,,,,,,,,,,,,,,
https://krisha.kz/a/show/697302587,"1-комнатная квартира · 30 м² · 10/22 этаж, Нажимеденова 10/2 — Тауелсиздик - Жумекен Нажимеденов",160000,51.119761,71.466182,697302587,arenda,kvartiry,1,30.0,11,False,False,monthly,"Астана, Алматы р-н",30 м²,False,2026-08-05T15:50:55+00:00,Гранд Астана,10 из 22,да,"не новый, но аккуратный и чистый ремонт",полностью,"охрана, домофон, видеонаблюдение",нет,"обеденный стол, шкаф для одежды, кухонный гарнитур, диван","стиральная машина, холодильник, пылесос, посуда, сушилка, лифт",совмещен,1.0,ванна,на улицу,1,"семейной паре, одному человеку, можно с детьми",Меркурий и К,,,,,,,,,,
https://krisha.kz/a/show/1014231869,"1-комнатная квартира · 38 м² · 11/12 этаж, Тауелсыздык 25/1 — Куйши дина",240000,51.14324,71.459058,1014231869,arenda,kvartiry,1,38.0,6,False,False,monthly,"Астана, Алматы р-н",38 м²,False,2026-08-05T15:50:55+00:00,,11 из 12,,"свежий ремонт, новая мебель",полностью,,нет,"обеденный стол, шкаф для одежды, кухонный гарнитур, диван","стиральная машина, холодильник, микроволновая печь, сушилка, лифт",совмещен,,ванна,,1,"семейной паре, одному человеку",,,,,,,,,,,
https://krisha.kz/a/show/1013503358,"4-комнатная квартира · 130 м² · 4/9 этаж, Туран 43 — Туран-Сыганак",1200000,51.125163544459,71.402010022615,1013503358,arenda,kvartiry,4,130.0,13,False,False,monthly,"Астана, Нура р-н","130 м², Площадь кухни — 19 м²",False,2026-08-05T15:50:55+00:00,Grand Turan Comfort,4 из 9,,"свежий ремонт, новая мебель",полностью,охрана,нет,,"интернет, телевизор, стиральная машина, холодильник, микроволновая печь, посудомоечная машина, кондиционер, пылесос, сушилка",разделен,2.0,"душевая кабина, ванна",,,некурящим,BI Group Юг,,,,,,,,,,
https://krisha.kz/a/show/1014548900,"1-комнатная квартира · 34 м², Кошкарбаева",200000,51.12794836058,71.491583303597,1014548900,arenda,kvartiry,1,34.0,3,False,False,monthly,"Астана, Алматы р-н","34 м², Площадь кухни — 9 м²",False,2026-08-05T15:50:55+00:00,Айнаколь,12,,"не новый, но аккуратный и чистый ремонт",полностью,"охрана, домофон",нет,"обеденный стол, шкаф для одежды, кухонный гарнитур, диван","интернет, стиральная машина, холодильник, микроволновая печь, пылесос, лифт",совмещен,1.0,душевая кабина,на улицу,1,"семейной паре, некурящим, одному человеку, можно с детьми",NAK,,,,,,,,,,
https://krisha.kz/a/show/1014553824,"2-комнатная квартира · 50 м² · 17/18 этаж, Сыганак 28 — Сыганак-Толе би",490000,51.12808688234,71.39150488793,1014553824,arenda,kvartiry,2,50.0,8,False,False,monthly,"Астана, Нура р-н",50 м²,False,2026-08-05T15:50:55+00:00,Eco Park,17 из 18,,"свежий ремонт, новая мебель",полностью,,нет,,,,,,,,,NAK,,,,,,,,,,
https://krisha.kz/a/show/1007574338,"4-комнатная квартира · 150 м² · 2/3 этаж, мкр Уркер, ул. Нуркена Абдирова 54 — Достоевского",350000,51.131694,71.288352,1007574338,arenda,kvartiry,4,150.0,14,False,False,monthly,"Астана, Нура р-н","150 м², жилая — 125 м², Площадь кухни — 16 м²",False,2026-08-05T15:50:55+00:00,,2 из 3,да,"не новый, но аккуратный и чистый ремонт",полностью,кодовый замок,нет,"кровать, обеденный стол, шкаф для одежды, кухонный гарнитур, рабочий стол, диван","интернет, телевизор, стиральная машина, холодильник, микроволновая печь, сушилка",разделен,2.0,"душевая кабина, ванна",во двор,нет,"семейной паре, некурящим, одному человеку, можно с детьми",,нет,,,,,,,,,
https://krisha.kz/a/show/1014206237,"2-комнатная квартира · 42 м² · 7/9 этаж, Туран 42",220000,51.115361660861,71.401343597728,1014206237,arenda,kvartiry,2,42.0,5,False,False,monthly,"Астана, Есильский р-н",42 м²,False,2026-08-05T15:50:55+00:00,Sport City,7 из 9,,"не новый, но аккуратный и чистый ремонт",полностью,,нет,"кровать, обеденный стол","телевизор, холодильник, микроволновая печь, посудомоечная машина",,,,,,,FBK Курылыс,,,,,,,,,,
https://krisha.kz/a/show/1003620784,"2-комнатная квартира · 41 м² · 3/12 этаж, Тауелсиздик 40 — Калба",300000,51.134183072272,71.469909035798,1003620784,arenda,kvartiry,2,41.0,18,False,False,monthly,"Астана, Алматы р-н","41 м², Площадь кухни — 9 м²",False,2026-08-05T15:50:55+00:00,Baitas,3 из 12,да,,полностью,,нет,"кровать, обеденный стол, шкаф для одежды, кухонный гарнитур, диван",,совмещен,1.0,,,,"семейной паре, некурящим, одному человеку",Tumar Group,,,,,,,,,,
https://krisha.kz/a/show/1014390027,"3-комнатная квартира · 120 м² · 6/8 этаж, Дукенулы 4",350000,51.178239,71.415679,1014390027,arenda,kvartiry,3,120.0,7,False,False,monthly,"Астана, Сарыарка р-н",120 м²,False,2026-08-05T15:50:55+00:00,Статус,6 из 8,,"свежий ремонт, новая мебель",полностью,"решетки на окнах, домофон, кодовый замок, сигнализация, видеонаблюдение",,"кровать, обеденный стол, шкаф для одежды, кухонный гарнитур, диван","телевизор, стиральная машина, холодильник, микроволновая печь, пылесос, посуда, кладовая, лифт",разделен,2.0,ванна,"во двор, на улицу",,"семейной паре, некурящим",Технополисжилстрой,1,,,,,,,,,
https://krisha.kz/a/show/1009643324,"2-комнатная квартира · 53 м² · 11/24 этаж, Кайыма Мухамедханова 15",250000,51.140534,71.38899,1009643324,arenda,kvartiry,2,53.0,6,False,False,monthly,"Астана, Есильский р-н",53 м²,False,2026-08-05T15:50:55+00:00,Самрук Towers,11 из 24,да,"не новый, но аккуратный и чистый ремонт",полностью,"домофон, видеонаблюдение",нет,"кровать, обеденный стол, шкаф для одежды, кухонный гарнитур, диван","стиральная машина, холодильник, микроволновая печь, кондиционер, лифт",совмещен,1.0,ванна,на улицу,1,"семейной паре, некурящим, одному человеку, можно с детьми",ТОО «Berkut Development»,нет,,,,,,,,,
https://krisha.kz/a/show/1009284448,"2-комнатная квартира · 70 м² · 5 этаж, Сыганак 16",250000,51.129773,71.375848,1009284448,arenda,kvartiry,2,70.0,30,False,False,monthly,"Астана, Нура р-н",70 м²,False,2026-08-05T15:50:55+00:00,Шыгыс,5,,,частично,"домофон, видеонаблюдение",нет,"обеденный стол, шкаф для одежды, кухонный гарнитур, диван","интернет, телевизор, стиральная машина, холодильник, микроволновая печь, пылесос, кладовая, лифт",разделен,1.0,ванна,на улицу,1,можно с детьми,Елорда Курылыс Компаниясы,,,,,,,,,,
https://krisha.kz/a/show/1013303680,"1-комнатная квартира · 38 м², Момышулы 10/1 — ЖК КАРАВАН",200000,51.138697,71.47636,1013303680,arenda,kvartiry,1,38.0,9,False,False,monthly,"Астана, Сарыарка р-н",38 м²,False,2026-08-05T15:50:55+00:00,,,,,полностью,,,,,,,,,,,,,,,,,,,,,
https://krisha.kz/a/show/1002169385,"2-комнатная квартира · 71 м² · 2/10 этаж, Мәңгілік ел 37/1 — Триумфальная арка",400000,51.103566,71.426773,1002169385,arenda,kvartiry,2,71.0,10,False,False,monthly,"Астана, Есильский р-н","71 м², Площадь кухни — 18 м²",False,2026-08-05T15:50:55+00:00,Park Avenue,2 из 10,,"свежий ремонт, новая мебель",полностью,"решетки на окнах, домофон, кодовый замок, видеодомофон",нет,"кровать, обеденный стол, шкаф для одежды, кухонный гарнитур, диван","интернет, телевизор, стиральная машина, холодильник, микроволновая печь, посудомоечная машина, кондиционер, пылесос, посуда, сушилка, лифт",совмещен,1.0,ванна,на улицу,,"семейной паре, некурящим, одному человеку",BI Group Юг,1,,,,,,,,,
https://krisha.kz/a/show/1008767580,"1-комнатная квартира · 37 м² · 5/12 этаж, Улица А 52 6/1",200000,51.106552,71.511808,1008767580,arenda,kvartiry,1,37.0,13,False,False,monthly,"Астана, Алматы р-н","37 м², Площадь кухни — 8 м²",False,2026-08-05T15:50:55+00:00,Geneva 2,5 из 12,,"свежий ремонт, новая мебель",полностью,домофон,нет,"обеденный стол, шкаф для одежды, кухонный гарнитур, диван","интернет, телевизор, стиральная машина, холодильник, микроволновая печь, кондиционер, пылесос, посуда, сушилка, лифт",совмещен,1.0,ванна,на улицу,1,"семейной паре, некурящим, одному человеку",G-Park,,,,,,,,,,
https://krisha.kz/a/show/762203305,"4-комнатная квартира · 76 м² · 5/5 этаж, Карасай Батыра",300000,51.199047,71.390194,762203305,arenda,kvartiry,4,76.0,10,False,False,monthly,"Астана, Сарыарка р-н","76 м², Площадь кухни — 8 м²",False,2026-08-05T15:50:55+00:00,,5 из 5,,"не новый, но аккуратный и чистый ремонт",полностью,домофон,нет,"кровать, обеденный стол, шкаф для одежды, кухонный гарнитур, рабочий стол, диван","стиральная машина, холодильник, микроволновая печь, посуда, сушилка, кладовая",разделен,1.0,ванна,"во двор, на улицу",2,,,,,,,,,,,,
https://krisha.kz/a/show/1014571717,"2-комнатная квартира · 60 м² · 6/14 этаж, Отырар 18 — Кенесары",180000,51.169016861732,71.44575862214,1014571717,arenda,kvartiry,2,60.0,12,False,False,monthly,"Астана, р-н Байконур",60 м²,False,2026-08-05T15:50:55+00:00,Береке,6 из 14,,,полностью,"домофон, видеонаблюдение",нет,"кровать, обеденный стол, шкаф для одежды, кухонный гарнитур, диван","интернет, телевизор, стиральная машина, холодильник, лифт",совмещен,1.0,ванна,на улицу,1,"семейной паре, одному человеку, можно с детьми",Жана Курылыс,,,,,,,,,,
https://krisha.kz/a/show/1014558832,"2-комнатная квартира · 53 м² · 8/9 этаж, Рыскулова — Ул.Т.Рыскулова",330000,51.086262,71.411789,1014558832,arenda,kvartiry,2,53.0,9,False,False,monthly,"Астана, Есильский р-н",53 м²,False,2026-08-05T15:50:55+00:00,Nexpo City,8 из 9,да,"свежий ремонт, новая мебель",полностью,"домофон, видеонаблюдение, видеодомофон",нет,"кровать, обеденный стол, шкаф для одежды, кухонный гарнитур, рабочий стол, диван","интернет, телевизор, стиральная машина, холодильник, микроволновая печь, кондиционер, пылесос, посуда, сушилка, лифт",совмещен,1.0,ванна,на улицу,1,"некурящим, одному человеку",BI Group Юг,,,,,,,,,,
https://krisha.kz/a/show/1014284286,"1-комнатная квартира · 56 м², Косшыгулулы 7",220000,51.167460539602,71.391181118665,1014284286,arenda,kvartiry,1,56.0,6,False,False,monthly,Астана,"56 м², Площадь кухни — 18 м²",False,2026-08-05T15:50:55+00:00,,5,,,полностью,"решетки на окнах, домофон, видеонаблюдение",,"кровать, обеденный стол, шкаф для одежды, кухонный гарнитур, диван","интернет, телевизор, стиральная машина, холодильник, микроволновая печь, пылесос, посуда, сушилка, лифт",совмещен,1.0,ванна,во двор,,"семейной паре, некурящим, одному человеку, можно с детьми",,1,,,,,,,,,
https://krisha.kz/a/show/1014226350,"3-комнатная квартира · 105 м² · 12/21 этаж, Сарайшык 6 — Кунаева",749999,51.135046,71.419649,1014226350,arenda,kvartiry,3,105.0,9,False,False,monthly,"Астана, Есильский р-н",105 м²,False,2026-08-05T15:50:55+00:00,Atlant,12 из 21,,"свежий ремонт, новая мебель",полностью,"охрана, домофон, видеонаблюдение",,"кровать, обеденный стол, шкаф для одежды, кухонный гарнитур, диван","интернет, телевизор, стиральная машина, холодильник, микроволновая печь, посудомоечная машина, кондиционер, пылесос, сушилка, лифт",разделен,2.0,ванна,,,"семейной паре, можно с детьми",BI Group Север,,,,,,,,,,
https://krisha.kz/a/show/1014484230,"1-комнатная квартира · 42 м² · 5/20 этаж, Туран 44/2",250000,51.113078,71.402914,1014484230,arenda,kvartiry,1,42.0,10,False,False,monthly,Астана,42 м²,False,2026-08-05T15:50:55+00:00,Shabyt,5 из 20,,"свежий ремонт, новая мебель",полностью,"домофон, видеонаблюдение",,"обеденный стол, шкаф для одежды, кухонный гарнитур, диван","интернет, телевизор, стиральная машина, холодильник, кондиционер, лифт",совмещен,1.0,ванна,,,"семейной паре, некурящим, одному человеку, можно с детьми",BI Group Юг,,,,,,,,,,
https://krisha.kz/a/show/1013262164,"2-комнатная квартира · 60 м² · 2 этаж, Мангилик Ел 68",500000,51.074629540662,71.420325960607,1013262164,arenda,kvartiry,2,60.0,18,False,False,monthly,"Астана, Есильский р-н",60 м²,False,2026-08-05T15:50:55+00:00,Talmas,2,,"свежий ремонт, новая мебель",полностью,,нет,"кровать, обеденный стол, шкаф для одежды, кухонный гарнитур, рабочий стол, диван","интернет, телевизор, стиральная машина, холодильник, микроволновая печь, посудомоечная машина, кондиционер, пылесос, посуда, сушилка, лифт",совмещен,,,,,,Sensata Group,,,,,,,,,,
https://krisha.kz/a/show/1014570828,"2-комнатная квартира · 60 м² · 4/14 этаж, Сарайшык 7Б",250000,51.135108,71.427393,1014570828,arenda,kvartiry,2,60.0,7,False,False,monthly,"Астана, Есильский р-н",60 м²,False,2026-08-05T15:50:55+00:00,Лазурный квартал,4 из 14,,"не новый, но аккуратный и чистый ремонт",полностью,,,"кровать, обеденный стол, шкаф для одежды, кухонный гарнитур, диван","телевизор, стиральная машина, холодильник, лифт",совмещен,1.0,душевая кабина,,1,"семейной паре, некурящим, одному человеку, можно с детьми",BI Group Юг,,,,,,,,,,
https://krisha.kz/a/show/1007867476,"3-комнатная квартира · 110 м² · 2/6 этаж, Сарыкенгир",400000,51.140403005885,71.448485333822,1007867476,arenda,kvartiry,3,110.0,16,False,False,monthly,"Астана, Алматы р-н",110 м²,False,2026-08-05T15:50:55+00:00,Ак Булак-3,2 из 6,,"не новый, но аккуратный и чистый ремонт",полностью,"охрана, домофон, кодовый замок, консьерж",нет,"кровать, обеденный стол, шкаф для одежды, кухонный гарнитур, диван","интернет, телевизор, стиральная машина, холодильник, микроволновая печь, посудомоечная машина, пылесос, сушилка",совмещен,2.0,ванна,"во двор, на улицу",1,"семейной паре, можно с детьми",Строй-Контракт,,,,,,,,,,
https://krisha.kz/a/show/1009314618,"1-комнатная квартира · 30 м² · 4/5 этаж, Республики 38 — Жангельдина",180000,51.175015,71.425452,1009314618,arenda,kvartiry,1,30.0,6,False,False,monthly,"Астана, Алматы р-н",30 м²,False,2026-08-05T15:50:55+00:00,,4 из 5,,"свежий ремонт, новая мебель",полностью,"домофон, видеонаблюдение",нет,"кровать, обеденный стол, шкаф для одежды, кухонный гарнитур, рабочий стол, диван","интернет, телевизор, стиральная машина, холодильник, микроволновая печь, пылесос, сушилка",совмещен,1.0,ванна,"во двор, на улицу",1,"семейной паре, некурящим, одному человеку",,,,,,,,,,,
https://krisha.kz/a/show/1006009972,"3-комнатная квартира · 80 м² · 6/8 этаж, Керей, Жанибек хандар 2 — Туран",470000,51.116442,71.402653,1006009972,arenda,kvartiry,3,80.0,10,False,False,monthly,"Астана, Нура р-н",80 м²,False,2026-08-05T15:50:55+00:00,Асем Тас 2,6 из 8,,"не новый, но аккуратный и чистый ремонт",полностью,"охрана, домофон, видеонаблюдение, видеодомофон",нет,"кровать, обеденный стол, шкаф для одежды, кухонный гарнитур, диван","интернет, телевизор, стиральная машина, холодильник, микроволновая печь, пылесос, посуда, сушилка, лифт",разделен,2.0,ванна,"во двор, на улицу",1,"семейной паре, некурящим, можно с детьми",ORDA INVEST,,,,,,,,,,
https://krisha.kz/a/show/1014000102,"2-комнатная квартира · 46 м² · 3/5 этаж, Карасай батыра 6",150000,51.196761,71.399644,1014000102,arenda,kvartiry,2,46.0,8,False,False,monthly,"Астана, Сарыарка р-н",46 м²,False,2026-08-05T15:50:55+00:00,,3 из 5,,"не новый, но аккуратный и чистый ремонт",полностью,"домофон, видеонаблюдение",нет,"обеденный стол, шкаф для одежды, кухонный гарнитур, рабочий стол, диван","интернет, телевизор, стиральная машина, холодильник, микроволновая печь",совмещен,,,"во двор, на улицу",1,"семейной паре, некурящим, одному человеку, можно с детьми",,,,,,,,,,,
https://krisha.kz/a/show/1011824843,"1-комнатная квартира · 40 м² · 1/15 этаж, Түркістан 4",220000,51.116934,71.428471,1011824843,arenda,kvartiry,1,40.0,5,False,False,monthly,"Астана, Есильский р-н",40 м²,False,2026-08-05T15:50:55+00:00,,1 из 15,,"свежий ремонт, новая мебель",полностью,"решетки на окнах, домофон",нет,"обеденный стол, шкаф для одежды, кухонный гарнитур, диван","телевизор, стиральная машина, холодильник, микроволновая печь, посуда, лифт",совмещен,1.0,ванна,во двор,нет,"семейной паре, некурящим, одному человеку, можно с детьми",,нет,,,,,,,,,
https://krisha.kz/a/show/1014243142,"3-комнатная квартира · 77.7 м² · 3/5 этаж, Болекпаева 17 — Болекпаева-Жургенова",350000,51.122164,71.507244,1014243142,arenda,kvartiry,3,77.7,8,False,False,monthly,"Астана, Сарайшык р-н",77.7 м²,False,2026-08-05T15:50:55+00:00,,3 из 5,,"не новый, но аккуратный и чистый ремонт",полностью,домофон,нет,"кровать, обеденный стол, шкаф для одежды, кухонный гарнитур, диван","телевизор, холодильник, микроволновая печь, кладовая",разделен,2.0,ванна,"во двор, на улицу",1,"семейной паре, некурящим, одному человеку, можно с животными, можно с детьми",,нет,,,,,,,,,
https://krisha.kz/a/show/1014557726,"2-комнатная квартира · 47 м² · 16/22 этаж, Манглик Ел 56 — РАЙОН ЭКСПО! СВОБОДНА",290000,51.088209530308,71.425635225207,1014557726,arenda,kvartiry,2,47.0,10,False,False,monthly,"Астана, Есильский р-н",47 м²,False,2026-08-05T15:50:55+00:00,Only Sun,16 из 22,да,"не новый, но аккуратный и чистый ремонт",полностью,,нет,"кровать, обеденный стол, шкаф для одежды, кухонный гарнитур, рабочий стол, диван","интернет, телевизор, стиральная машина, холодильник, микроволновая печь, кондиционер, пылесос, посуда, сушилка, лифт",совмещен,1.0,ванна,на улицу,,"семейной паре, можно с животными",BI Group Юг,1,,,,,,,,,
https://krisha.kz/a/show/1013890593,"2-комнатная квартира · 43.84 м² · 13/14 этаж, E-429 14/2",280000,51.139903599928,71.359869311606,1013890593,arenda,kvartiry,2,43.84,14,False,False,monthly,"Астана, Нура р-н",43.84 м²,False,2026-08-05T15:50:55+00:00,Алтын Саулет,13 из 14,да,"свежий ремонт, новая мебель",полностью,"решетки на окнах, охрана, домофон, видеонаблюдение, видеодомофон",нет,"кровать, обеденный стол, шкаф для одежды, кухонный гарнитур, диван","интернет, телевизор, стиральная машина, холодильник, микроволновая печь, кондиционер, пылесос, посуда, сушилка, лифт",совмещен,1.0,ванна,во двор,1,"семейной паре, некурящим, одному человеку",ULYTAU GROUP,1,,,,,,,,,
https://krisha.kz/a/show/1001405976,"2-комнатная квартира · 70 м² · 3/13 этаж, Чингиза Айтматова 36",260000,51.134929423525,71.363915689613,1001405976,arenda,kvartiry,2,70.0,27,False,False,monthly,"Астана, Есильский р-н",70 м²,False,2026-08-05T15:50:55+00:00,Жагалау 3,3 из 13,,,полностью,"домофон, видеонаблюдение",нет,"кровать, обеденный стол, шкаф для одежды, кухонный гарнитур, рабочий стол, диван","интернет, стиральная машина, холодильник, сушилка, кладовая, лифт",разделен,1.0,ванна,во двор,,,Инвестиционная строительная компания ASI,1,,,,,,,,,
https://krisha.kz/a/show/1010417601,"1-комнатная квартира · 50.1 м² · 6/12 этаж, Мәңгілік Ел 21 — Жанибек Керея",250000,51.112623585398,71.432084282194,1010417601,arenda,kvartiry,1,50.1,5,False,False,monthly,"Астана, Есильский р-н","50.1 м², Площадь кухни — 13.7 м²",False,2026-08-05T15:50:55+00:00,Айсанам De Luxe,6 из 12,,"не новый, но аккуратный и чистый ремонт",полностью,,нет,"кровать, обеденный стол, кухонный гарнитур, диван","стиральная машина, холодильник, сушилка, лифт",совмещен,,,во двор,1,"семейной паре, некурящим, одному человеку",Елорда Курылыс Компаниясы,,,,,,,,,,
https://krisha.kz/a/show/1005753455,"2-комнатная квартира · 42 м² · 4/12 этаж, Керей, Жанибек хандар 44/3",330000,51.105082,71.444317,1005753455,arenda,kvartiry,2,42.0,24,False,False,monthly,"Астана, Есильский р-н",42 м²,False,2026-08-05T15:50:55+00:00,DOS,4 из 12,да,"свежий ремонт, новая мебель",полностью,"охрана, домофон, кодовый замок, видеонаблюдение, видеодомофон",нет,"кровать, обеденный стол, шкаф для одежды, кухонный гарнитур, рабочий стол, диван","телевизор, стиральная машина, холодильник, посудомоечная машина, кондиционер, посуда, сушилка, лифт",совмещен,1.0,ванна,"во двор, на улицу",1,"семейной паре, некурящим, одному человеку",SVOYDOM,,,,,,,,,,
https://krisha.kz/a/show/685890003,"2-комнатная квартира · 40 м² · 11/14 этаж, Мәңгілік Ел 19",250000,51.114299936635,71.432702846224,685890003,arenda,kvartiry,2,40.0,4,False,False,monthly,"Астана, Есильский р-н",40 м²,False,2026-08-05T15:50:55+00:00,Айсанам,11 из 14,да,,полностью,,нет,"кровать, обеденный стол, шкаф для одежды, кухонный гарнитур, диван","интернет, стиральная машина, холодильник, лифт",,1.0,ванна,на улицу,1,"семейной паре, одному человеку",Азбука Жилья Новостройки,,,,,,,,,,
https://krisha.kz/a/show/1002377753,"2-комнатная квартира · 75.5 м² · 7/12 этаж, мкр Пригородный, Керей и Жанибек Хандар 50 — Пр. Альфараби",700000,51.104946,71.451063,1002377753,arenda,kvartiry,2,75.5,14,False,False,monthly,"Астана, Есильский р-н","75.5 м², Площадь кухни — 25 м²",False,2026-08-05T15:50:55+00:00,,7 из 12,,"свежий ремонт, новая мебель",полностью,"охрана, домофон, кодовый замок, сигнализация, видеонаблюдение, видеодомофон",,"кровать, обеденный стол, шкаф для одежды, кухонный гарнитур, рабочий стол, диван","интернет, телевизор, стиральная машина, холодильник, микроволновая печь, посудомоечная машина, кондиционер, пылесос, посуда, сушилка, кладовая, лифт",,,ванна,,,"семейной паре, одному человеку",,1,,,,,,,,,
https://krisha.kz/a/show/1014352081,"1-комнатная квартира · 38 м² · 8/14 этаж, Мәңгілік Ел",300000,51.114299936635,71.432702846224,1014352081,arenda,kvartiry,1,38.0,21,False,False,monthly,"Астана, Есильский р-н","38 м², Площадь кухни — 10 м²",False,2026-08-05T15:50:55+00:00,Айсанам,8 из 14,,"свежий ремонт, новая мебель",полностью,"домофон, кодовый замок, видеонаблюдение",нет,"обеденный стол, шкаф для одежды, кухонный гарнитур, диван","телевизор, стиральная машина, холодильник, микроволновая печь, посуда, сушилка, лифт",совмещен,1.0,ванна,на улицу,1,"семейной паре, некурящим, одному человеку",Азбука Жилья Новостройки,,,,,,,,,,
https://krisha.kz/a/show/699264670,"1-комнатная квартира · 44 м² · 3/8 этаж, Казыбек би 3/2",230000,51.1169,71.388298,699264670,arenda,kvartiry,1,44.0,13,False,False,monthly,"Астана, Нура р-н",44 м²,False,2026-08-05T15:50:55+00:00,,3 из 8,,"свежий ремонт, новая мебель",,домофон,нет,"обеденный стол, шкаф для одежды, кухонный гарнитур, диван","интернет, телевизор, стиральная машина, холодильник, микроволновая печь, кондиционер, посуда, лифт",,1.0,ванна,на улицу,1,,,1,,,,,,,,,
https://krisha.kz/a/show/1012779699,"3-комнатная квартира · 125 м² · 14/25 этаж, Сыганак 17",700000,51.130558300884,71.390286684036,1012779699,arenda,kvartiry,3,125.0,24,False,False,monthly,"Астана, Нура р-н",125 м²,False,2026-08-05T15:50:55+00:00,GreenLine.Зеленый квартал,14 из 25,да,"свежий ремонт, новая мебель",,"охрана, домофон, кодовый замок, видеонаблюдение",нет,"кровать, обеденный стол, шкаф для одежды, кухонный гарнитур, рабочий стол","интернет, стиральная машина, холодильник, микроволновая печь, посудомоечная машина, кондиционер, сушилка, кладовая, лифт",совмещен,2.0,"душевая кабина, ванна",на улицу,1,"семейной паре, одному человеку, можно с детьми",BI Group Юг,1,,,,,,,,,
https://krisha.kz/a/show/1008052258,"2-комнатная квартира · 60 м² · 2/7 этаж, Маметова 8",240000,51.127363118337,71.379334150104,1008052258,arenda,kvartiry,2,60.0,29,False,False,monthly,"Астана, Нура р-н",60 м²,False,2026-08-05T15:50:55+00:00,Шыгыс,2 из 7,,"не новый, но аккуратный и чистый ремонт",полностью,"домофон, видеонаблюдение",нет,"кровать, обеденный стол, шкаф для одежды, кухонный гарнитур, рабочий стол, диван","интернет, стиральная машина, холодильник, пылесос, сушилка, лифт",разделен,1.0,ванна,на улицу,2,можно с детьми,Елорда Курылыс Компаниясы,,,,,,,,,,
https://krisha.kz/a/show/1014568678,"1-комнатная квартира · 35 м² · 6/9 этаж, Керей хандар 9",165000,51.11612,71.414574,1014568678,arenda,kvartiry,1,35.0,4,False,False,monthly,"Астана, Есильский р-н","35 м², Площадь кухни — 10 м²",False,2026-08-05T15:50:55+00:00,,6 из 9,,"не новый, но аккуратный и чистый ремонт",,,,,,,,,,,,,,,,,,,,,,
https://krisha.kz/a/show/1003688330,"1-комнатная квартира · 40 м² · 2/12 этаж, Туран 46/6 — Астана арена",240000,51.11072,71.403641,1003688330,arenda,kvartiry,1,40.0,11,False,False,monthly,"Астана, Есильский р-н",40 м²,False,2026-08-05T16:23:00+00:00,Grand Champion,2 из 12,,,полностью,домофон,нет,"обеденный стол, шкаф для одежды, кухонный гарнитур, диван","интернет, телевизор, стиральная машина, холодильник, микроволновая печь, посуда, сушилка, лифт",совмещен,1,ванна,на улицу,2,,Mercury Sport,,,,,,,,,,
https://krisha.kz/a/show/1014575036,"3-комнатная квартира · 80 м² · 6/8 этаж, Мангилик ел 21",450000,51.111568,71.43175,1014575036,arenda,kvartiry,3,80.0,10,False,False,monthly,"Астана, Есильский р-н","80 м², Площадь кухни — 25 м²",False,2026-08-05T16:23:00+00:00,,6 из 8,да,"свежий ремонт, новая мебель",полностью,домофон,нет,"кровать, обеденный стол, шкаф для одежды, кухонный гарнитур, рабочий стол, диван","телевизор, стиральная машина, холодильник, кондиционер, сушилка",совмещен,,ванна,во двор,,"семейной паре, некурящим",,1,,,,,,,,,
https://krisha.kz/a/show/1014056842,"2-комнатная квартира · 40 м², Калдаякова 51",220000,51.1097594109,71.522286035429,1014056842,arenda,kvartiry,2,40.0,5,False,False,monthly,"Астана, Алматы р-н",40 м²,False,2026-08-05T16:23:00+00:00,,,,,,,,,,,,,,,,,,,,,,,,,,
https://krisha.kz/a/show/1014143719,"2-комнатная квартира · 43 м² · 11/14 этаж, Шамши Калдаяков 16",350000,51.114348710935,71.479483045406,1014143719,arenda,kvartiry,2,43.0,35,False,False,monthly,"Астана, Сарайшык р-н","43 м², жилая — 35 м²",False,2026-08-05T16:23:00+00:00,Isma,11 из 14,да,"свежий ремонт, новая мебель",полностью,"решетки на окнах, охрана, домофон, кодовый замок, видеонаблюдение, видеодомофон",нет,"кровать, обеденный стол, шкаф для одежды, кухонный гарнитур, рабочий стол, диван","интернет, телевизор, стиральная машина, холодильник, микроволновая печь, кондиционер, пылесос, посуда, сушилка, лифт",совмещен,1,ванна,во двор,нет,"семейной паре, некурящим, одному человеку",ISMA Invest,нет,,,,,,,,,
https://krisha.kz/a/show/1014576722,"4-комнатная квартира · 100.4 м² · 6/9 этаж, Улы Дала 58/1",670000,51.09585546058,71.412654519027,1014576722,arenda,kvartiry,4,100.4,19,False,False,monthly,"Астана, Есильский р-н",100.4 м²,False,2026-08-05T16:23:00+00:00,Prime Expo,6 из 9,,"свежий ремонт, новая мебель",полностью,"охрана, домофон, кодовый замок, сигнализация, видеонаблюдение, видеодомофон",нет,"кровать, обеденный стол, шкаф для одежды, кухонный гарнитур, рабочий стол, диван","интернет, телевизор, стиральная машина, холодильник, микроволновая печь, посудомоечная машина, кондиционер, пылесос, посуда, сушилка, лифт",разделен,2,ванна,во двор,нет,"семейной паре, можно с детьми",Smart Stroy 2050,нет,,,,,,,,,
https://krisha.kz/a/show/1014576641,"2-комнатная квартира · 56 м² · 5/24 этаж, Туран 41/1",500000,51.126448951144,71.401509197515,1014576641,arenda,kvartiry,2,56.0,20,False,False,monthly,"Астана, Нура р-н",56 м²,False,2026-08-05T16:23:00+00:00,Grand Turan Business,5 из 24,,"свежий ремонт, новая мебель",полностью,"домофон, кодовый замок, видеодомофон",нет,"кровать, обеденный стол, шкаф для одежды, кухонный гарнитур, рабочий стол, диван","интернет, телевизор, стиральная машина, холодильник, микроволновая печь, пылесос, посуда, сушилка, лифт",совмещен,1,ванна,во двор,1,"семейной паре, одному человеку, можно с детьми",BI Group Юг,,,,,,,,,,
https://krisha.kz/a/show/1013307566,"5-комнатная квартира · 210 м² · 14 этаж, Шамши Калдаяков 8",2000000,51.115698740539,71.461850549584,1013307566,arenda,kvartiry,5,210.0,23,False,False,monthly,"Астана, Сарайшык р-н",210 м²,False,2026-08-05T16:23:00+00:00,Monaco Residence,14,,"свежий ремонт, новая мебель",полностью,,нет,"кровать, обеденный стол, шкаф для одежды, кухонный гарнитур, рабочий стол, диван","интернет, телевизор, стиральная машина, холодильник, микроволновая печь, посудомоечная машина, кондиционер, пылесос, посуда, сушилка, кладовая, лифт",разделен,3,"душевая кабина, ванна",,,,BAZIS–А,,,,,,,,,,
https://krisha.kz/a/show/1014278053,"1-комнатная квартира · 37 м² · 4/12 этаж, мкр Комсомольский 31/1 — УлыДала",250000,51.101652139502,71.387817911751,1014278053,arenda,kvartiry,1,37.0,10,False,False,monthly,"Астана, Есильский р-н","37 м², Площадь кухни — 12 м²",False,2026-08-05T16:23:00+00:00,,4 из 12,,"свежий ремонт, новая мебель",полностью,"домофон, видеонаблюдение",нет,"кровать, обеденный стол, шкаф для одежды, кухонный гарнитур","интернет, телевизор, стиральная машина, холодильник, микроволновая печь, кондиционер, пылесос, посуда, сушилка, лифт",совмещен,1,душевая кабина,на улицу,1,"семейной паре, некурящим, одному человеку",,,,,,,,,,,
https://krisha.kz/a/show/1014216516,"4-комнатная квартира · 140 м² · 7/8 этаж, Кабанбай батыра 7",800000,51.142269010751,71.417890236044,1014216516,arenda,kvartiry,4,140.0,17,False,False,monthly,"Астана, Нура р-н","140 м², Площадь кухни — 12 м²",False,2026-08-05T16:23:00+00:00,Премьера,7 из 8,,"свежий ремонт, новая мебель",полностью,"решетки на окнах, охрана, домофон, кодовый замок, видеонаблюдение",нет,"кровать, обеденный стол, шкаф для одежды, кухонный гарнитур, рабочий стол, диван","интернет, телевизор, стиральная машина, холодильник, посудомоечная машина, кондиционер, сушилка, кладовая, лифт","разделен, совмещен",2,ванна,"во двор, на улицу",2,,BI Group Юг,1,,,,,,,,,
https://krisha.kz/a/show/1013503358,"4-комнатная квартира · 130 м² · 4/9 этаж, Туран 43 — Туран-Сыганак",1200000,51.125163544459,71.402010022615,1013503358,arenda,kvartiry,4,130.0,13,False,False,monthly,"Астана, Нура р-н","130 м², Площадь кухни — 19 м²",False,2026-08-05T16:23:00+00:00,Grand Turan Comfort,4 из 9,,"свежий ремонт, новая мебель",полностью,охрана,нет,,"интернет, телевизор, стиральная машина, холодильник, микроволновая печь, посудомоечная машина, кондиционер, пылесос, сушилка",разделен,2,"душевая кабина, ванна",,,некурящим,BI Group Юг,,,,,,,,,,
https://krisha.kz/a/show/1014548900,"1-комнатная квартира · 34 м², Кошкарбаева",200000,51.12794836058,71.491583303597,1014548900,arenda,kvartiry,1,34.0,3,False,False,monthly,"Астана, Алматы р-н","34 м², Площадь кухни — 9 м²",False,2026-08-05T16:23:00+00:00,Айнаколь,12,,"не новый, но аккуратный и чистый ремонт",полностью,"охрана, домофон",нет,"обеденный стол, шкаф для одежды, кухонный гарнитур, диван","интернет, стиральная машина, холодильник, микроволновая печь, пылесос, лифт",совмещен,1,душевая кабина,на улицу,1,"семейной паре, некурящим, одному человеку, можно с детьми",NAK,,,,,,,,,,
https://krisha.kz/a/show/1014553824,"2-комнатная квартира · 50 м² · 17/18 этаж, Сыганак 28 — Сыганак-Толе би",490000,51.12808688234,71.39150488793,1014553824,arenda,kvartiry,2,50.0,8,False,False,monthly,"Астана, Нура р-н",50 м²,False,2026-08-05T16:23:00+00:00,Eco Park,17 из 18,,"свежий ремонт, новая мебель",полностью,,нет,,,,,,,,,NAK,,,,,,,,,,
https://krisha.kz/a/show/1007574338,"4-комнатная квартира · 150 м² · 2/3 этаж, мкр Уркер, ул. Нуркена Абдирова 54 — Достоевского",350000,51.131694,71.288352,1007574338,arenda,kvartiry,4,150.0,14,False,False,monthly,"Астана, Нура р-н","150 м², жилая — 125 м², Площадь кухни — 16 м²",False,2026-08-05T16:23:00+00:00,,2 из 3,да,"не новый, но аккуратный и чистый ремонт",полностью,кодовый замок,нет,"кровать, обеденный стол, шкаф для одежды, кухонный гарнитур, рабочий стол, диван","интернет, телевизор, стиральная машина, холодильник, микроволновая печь, сушилка",разделен,2,"душевая кабина, ванна",во двор,нет,"семейной паре, некурящим, одному человеку, можно с детьми",,нет,,,,,,,,,
https://krisha.kz/a/show/1014206237,"2-комнатная квартира · 42 м² · 7/9 этаж, Туран 42",220000,51.115361660861,71.401343597728,1014206237,arenda,kvartiry,2,42.0,5,False,False,monthly,"Астана, Есильский р-н",42 м²,False,2026-08-05T16:23:00+00:00,Sport City,7 из 9,,"не новый, но аккуратный и чистый ремонт",полностью,,нет,"кровать, обеденный стол","телевизор, холодильник, микроволновая печь, посудомоечная машина",,,,,,,FBK Курылыс,,,,,,,,,,
https://krisha.kz/a/show/1003620784,"2-комнатная квартира · 41 м² · 3/12 этаж, Тауелсиздик 40 — Калба",300000,51.134183072272,71.469909035798,1003620784,arenda,kvartiry,2,41.0,18,False,False,monthly,"Астана, Алматы р-н","41 м², Площадь кухни — 9 м²",False,2026-08-05T16:23:00+00:00,Baitas,3 из 12,да,,полностью,,нет,"кровать, обеденный стол, шкаф для одежды, кухонный гарнитур, диван",,совмещен,1,,,,"семейной паре, некурящим, одному человеку",Tumar Group,,,,,,,,,,
https://krisha.kz/a/show/1014390027,"3-комнатная квартира · 120 м² · 6/8 этаж, Дукенулы 4",350000,51.178239,71.415679,1014390027,arenda,kvartiry,3,120.0,7,False,False,monthly,"Астана, Сарыарка р-н",120 м²,False,2026-08-05T16:23:00+00:00,Статус,6 из 8,,"свежий ремонт, новая мебель",полностью,"решетки на окнах, домофон, кодовый замок, сигнализация, видеонаблюдение",,"кровать, обеденный стол, шкаф для одежды, кухонный гарнитур, диван","телевизор, стиральная машина, холодильник, микроволновая печь, пылесос, посуда, кладовая, лифт",разделен,2,ванна,"во двор, на улицу",,"семейной паре, некурящим",Технополисжилстрой,1,,,,,,,,,
https://krisha.kz/a/show/1009643324,"2-комнатная квартира · 53 м² · 11/24 этаж, Кайыма Мухамедханова 15",250000,51.140534,71.38899,1009643324,arenda,kvartiry,2,53.0,6,False,False,monthly,"Астана, Есильский р-н",53 м²,False,2026-08-05T16:23:00+00:00,Самрук Towers,11 из 24,да,"не новый, но аккуратный и чистый ремонт",полностью,"домофон, видеонаблюдение",нет,"кровать, обеденный стол, шкаф для одежды, кухонный гарнитур, диван","стиральная машина, холодильник, микроволновая печь, кондиционер, лифт",совмещен,1,ванна,на улицу,1,"семейной паре, некурящим, одному человеку, можно с детьми",ТОО «Berkut Development»,нет,,,,,,,,,
https://krisha.kz/a/show/1009284448,"2-комнатная квартира · 70 м² · 5 этаж, Сыганак 16",250000,51.129773,71.375848,1009284448,arenda,kvartiry,2,70.0,30,False,False,monthly,"Астана, Нура р-н",70 м²,False,2026-08-05T16:23:00+00:00,Шыгыс,5,,,частично,"домофон, видеонаблюдение",нет,"обеденный стол, шкаф для одежды, кухонный гарнитур, диван","интернет, телевизор, стиральная машина, холодильник, микроволновая печь, пылесос, кладовая, лифт",разделен,1,ванна,на улицу,1,можно с детьми,Елорда Курылыс Компаниясы,,,,,,,,,,
https://krisha.kz/a/show/1013303680,"1-комнатная квартира · 38 м², Момышулы 10/1 — ЖК КАРАВАН",200000,51.138697,71.47636,1013303680,arenda,kvartiry,1,38.0,9,False,False,monthly,"Астана, Сарыарка р-н",38 м²,False,2026-08-05T16:23:00+00:00,,,,,полностью,,,,,,,,,,,,,,,,,,,,,
https://krisha.kz/a/show/1002169385,"2-комнатная квартира · 71 м² · 2/10 этаж, Мәңгілік ел 37/1 — Триумфальная арка",400000,51.103566,71.426773,1002169385,arenda,kvartiry,2,71.0,10,False,False,monthly,"Астана, Есильский р-н","71 м², Площадь кухни — 18 м²",False,2026-08-05T16:23:00+00:00,Park Avenue,2 из 10,,"свежий ремонт, новая мебель",полностью,"решетки на окнах, домофон, кодовый замок, видеодомофон",нет,"кровать, обеденный стол, шкаф для одежды, кухонный гарнитур, диван","интернет, телевизор, стиральная машина, холодильник, микроволновая печь, посудомоечная машина, кондиционер, пылесос, посуда, сушилка, лифт",совмещен,1,ванна,на улицу,,"семейной паре, некурящим, одному человеку",BI Group Юг,1,,,,,,,,,
https://krisha.kz/a/show/1008767580,"1-комнатная квартира · 37 м² · 5/12 этаж, Улица А 52 6/1",200000,51.106552,71.511808,1008767580,arenda,kvartiry,1,37.0,13,False,False,monthly,"Астана, Алматы р-н","37 м², Площадь кухни — 8 м²",False,2026-08-05T16:23:00+00:00,Geneva 2,5 из 12,,"свежий ремонт, новая мебель",полностью,домофон,нет,"обеденный стол, шкаф для одежды, кухонный гарнитур, диван","интернет, телевизор, стиральная машина, холодильник, микроволновая печь, кондиционер, пылесос, посуда, сушилка, лифт",совмещен,1,ванна,на улицу,1,"семейной паре, некурящим, одному человеку",G-Park,,,,,,,,,,
https://krisha.kz/a/show/762203305,"4-комнатная квартира · 76 м² · 5/5 этаж, Карасай Батыра",300000,51.199047,71.390194,762203305,arenda,kvartiry,4,76.0,10,False,False,monthly,"Астана, Сарыарка р-н","76 м², Площадь кухни — 8 м²",False,2026-08-05T16:23:00+00:00,,5 из 5,,"не новый, но аккуратный и чистый ремонт",полностью,домофон,нет,"кровать, обеденный стол, шкаф для одежды, кухонный гарнитур, рабочий стол, диван","стиральная машина, холодильник, микроволновая печь, посуда, сушилка, кладовая",разделен,1,ванна,"во двор, на улицу",2,,,,,,,,,,,,
https://krisha.kz/a/show/1014571717,"2-комнатная квартира · 60 м² · 6/14 этаж, Отырар 18 — Кенесары",180000,51.169016861732,71.44575862214,1014571717,arenda,kvartiry,2,60.0,12,False,False,monthly,"Астана, р-н Байконур",60 м²,False,2026-08-05T16:23:00+00:00,Береке,6 из 14,,,полностью,"домофон, видеонаблюдение",нет,"кровать, обеденный стол, шкаф для одежды, кухонный гарнитур, диван","интернет, телевизор, стиральная машина, холодильник, лифт",совмещен,1,ванна,на улицу,1,"семейной паре, одному человеку, можно с детьми",Жана Курылыс,,,,,,,,,,
https://krisha.kz/a/show/1014558832,"2-комнатная квартира · 53 м² · 8/9 этаж, Рыскулова — Ул.Т.Рыскулова",330000,51.086262,71.411789,1014558832,arenda,kvartiry,2,53.0,9,False,False,monthly,"Астана, Есильский р-н",53 м²,False,2026-08-05T16:23:00+00:00,Nexpo City,8 из 9,да,"свежий ремонт, новая мебель",полностью,"домофон, видеонаблюдение, видеодомофон",нет,"кровать, обеденный стол, шкаф для одежды, кухонный гарнитур, рабочий стол, диван","интернет, телевизор, стиральная машина, холодильник, микроволновая печь, кондиционер, пылесос, посуда, сушилка, лифт",совмещен,1,ванна,на улицу,1,"некурящим, одному человеку",BI Group Юг,,,,,,,,,,
https://krisha.kz/a/show/1014284286,"1-комнатная квартира · 56 м², Косшыгулулы 7",220000,51.167460539602,71.391181118665,1014284286,arenda,kvartiry,1,56.0,6,False,False,monthly,Астана,"56 м², Площадь кухни — 18 м²",False,2026-08-05T16:23:00+00:00,,5,,,полностью,"решетки на окнах, домофон, видеонаблюдение",,"кровать, обеденный стол, шкаф для одежды, кухонный гарнитур, диван","интернет, телевизор, стиральная машина, холодильник, микроволновая печь, пылесос, посуда, сушилка, лифт",совмещен,1,ванна,во двор,,"семейной паре, некурящим, одному человеку, можно с детьми",,1,,,,,,,,,
https://krisha.kz/a/show/1014226350,"3-комнатная квартира · 105 м² · 12/21 этаж, Сарайшык 6 — Кунаева",749999,51.135046,71.419649,1014226350,arenda,kvartiry,3,105.0,9,False,False,monthly,"Астана, Есильский р-н",105 м²,False,2026-08-05T16:23:00+00:00,Atlant,12 из 21,,"свежий ремонт, новая мебель",полностью,"охрана, домофон, видеонаблюдение",,"кровать, обеденный стол, шкаф для одежды, кухонный гарнитур, диван","интернет, телевизор, стиральная машина, холодильник, микроволновая печь, посудомоечная машина, кондиционер, пылесос, сушилка, лифт",разделен,2,ванна,,,"семейной паре, можно с детьми",BI Group Север,,,,,,,,,,
https://krisha.kz/a/show/1014484230,"1-комнатная квартира · 42 м² · 5/20 этаж, Туран 44/2",250000,51.113078,71.402914,1014484230,arenda,kvartiry,1,42.0,10,False,False,monthly,Астана,42 м²,False,2026-08-05T16:23:00+00:00,Shabyt,5 из 20,,"свежий ремонт, новая мебель",полностью,"домофон, видеонаблюдение",,"обеденный стол, шкаф для одежды, кухонный гарнитур, диван","интернет, телевизор, стиральная машина, холодильник, кондиционер, лифт",совмещен,1,ванна,,,"семейной паре, некурящим, одному человеку, можно с детьми",BI Group Юг,,,,,,,,,,
https://krisha.kz/a/show/1013262164,"2-комнатная квартира · 60 м² · 2 этаж, Мангилик Ел 68",500000,51.074629540662,71.420325960607,1013262164,arenda,kvartiry,2,60.0,18,False,False,monthly,"Астана, Есильский р-н",60 м²,False,2026-08-05T16:23:00+00:00,Talmas,2,,"свежий ремонт, новая мебель",полностью,,нет,"кровать, обеденный стол, шкаф для одежды, кухонный гарнитур, рабочий стол, диван","интернет, телевизор, стиральная машина, холодильник, микроволновая печь, посудомоечная машина, кондиционер, пылесос, посуда, сушилка, лифт",совмещен,,,,,,Sensata Group,,,,,,,,,,
https://krisha.kz/a/show/1014570828,"2-комнатная квартира · 60 м² · 4/14 этаж, Сарайшык 7Б",250000,51.135108,71.427393,1014570828,arenda,kvartiry,2,60.0,7,False,False,monthly,"Астана, Есильский р-н",60 м²,False,2026-08-05T16:23:00+00:00,Лазурный квартал,4 из 14,,"не новый, но аккуратный и чистый ремонт",полностью,,,"кровать, обеденный стол, шкаф для одежды, кухонный гарнитур, диван","телевизор, стиральная машина, холодильник, лифт",совмещен,1,душевая кабина,,1,"семейной паре, некурящим, одному человеку, можно с детьми",BI Group Юг,,,,,,,,,,
https://krisha.kz/a/show/1007867476,"3-комнатная квартира · 110 м² · 2/6 этаж, Сарыкенгир",400000,51.140403005885,71.448485333822,1007867476,arenda,kvartiry,3,110.0,16,False,False,monthly,"Астана, Алматы р-н",110 м²,False,2026-08-05T16:23:00+00:00,Ак Булак-3,2 из 6,,"не новый, но аккуратный и чистый ремонт",полностью,"охрана, домофон, кодовый замок, консьерж",нет,"кровать, обеденный стол, шкаф для одежды, кухонный гарнитур, диван","интернет, телевизор, стиральная машина, холодильник, микроволновая печь, посудомоечная машина, пылесос, сушилка",совмещен,2,ванна,"во двор, на улицу",1,"семейной паре, можно с детьми",Строй-Контракт,,,,,,,,,,
https://krisha.kz/a/show/1009314618,"1-комнатная квартира · 30 м² · 4/5 этаж, Республики 38 — Жангельдина",180000,51.175015,71.425452,1009314618,arenda,kvartiry,1,30.0,6,False,False,monthly,"Астана, Алматы р-н",30 м²,False,2026-08-05T16:23:00+00:00,,4 из 5,,"свежий ремонт, новая мебель",полностью,"домофон, видеонаблюдение",нет,"кровать, обеденный стол, шкаф для одежды, кухонный гарнитур, рабочий стол, диван","интернет, телевизор, стиральная машина, холодильник, микроволновая печь, пылесос, сушилка",совмещен,1,ванна,"во двор, на улицу",1,"семейной паре, некурящим, одному человеку",,,,,,,,,,,
https://krisha.kz/a/show/1006009972,"3-комнатная квартира · 80 м² · 6/8 этаж, Керей, Жанибек хандар 2 — Туран",470000,51.116442,71.402653,1006009972,arenda,kvartiry,3,80.0,10,False,False,monthly,"Астана, Нура р-н",80 м²,False,2026-08-05T16:23:00+00:00,Асем Тас 2,6 из 8,,"не новый, но аккуратный и чистый ремонт",полностью,"охрана, домофон, видеонаблюдение, видеодомофон",нет,"кровать, обеденный стол, шкаф для одежды, кухонный гарнитур, диван","интернет, телевизор, стиральная машина, холодильник, микроволновая печь, пылесос, посуда, сушилка, лифт",разделен,2,ванна,"во двор, на улицу",1,"семейной паре, некурящим, можно с детьми",ORDA INVEST,,,,,,,,,,
https://krisha.kz/a/show/1014000102,"2-комнатная квартира · 46 м² · 3/5 этаж, Карасай батыра 6",150000,51.196761,71.399644,1014000102,arenda,kvartiry,2,46.0,8,False,False,monthly,"Астана, Сарыарка р-н",46 м²,False,2026-08-05T16:23:00+00:00,,3 из 5,,"не новый, но аккуратный и чистый ремонт",полностью,"домофон, видеонаблюдение",нет,"обеденный стол, шкаф для одежды, кухонный гарнитур, рабочий стол, диван","интернет, телевизор, стиральная машина, холодильник, микроволновая печь",совмещен,,,"во двор, на улицу",1,"семейной паре, некурящим, одному человеку, можно с детьми",,,,,,,,,,,
https://krisha.kz/a/show/1014243142,"3-комнатная квартира · 77.7 м² · 3/5 этаж, Болекпаева 17 — Болекпаева-Жургенова",350000,51.122164,71.507244,1014243142,arenda,kvartiry,3,77.7,8,False,False,monthly,"Астана, Сарайшык р-н",77.7 м²,False,2026-08-05T16:23:00+00:00,,3 из 5,,"не новый, но аккуратный и чистый ремонт",полностью,домофон,нет,"кровать, обеденный стол, шкаф для одежды, кухонный гарнитур, диван","телевизор, холодильник, микроволновая печь, кладовая",разделен,2,ванна,"во двор, на улицу",1,"семейной паре, некурящим, одному человеку, можно с животными, можно с детьми",,нет,,,,,,,,,
https://krisha.kz/a/show/1014557726,"2-комнатная квартира · 47 м² · 16/22 этаж, Манглик Ел 56 — РАЙОН ЭКСПО! СВОБОДНА",290000,51.088209530308,71.425635225207,1014557726,arenda,kvartiry,2,47.0,10,False,False,monthly,"Астана, Есильский р-н",47 м²,False,2026-08-05T16:23:00+00:00,Only Sun,16 из 22,да,"не новый, но аккуратный и чистый ремонт",полностью,,нет,"кровать, обеденный стол, шкаф для одежды, кухонный гарнитур, рабочий стол, диван","интернет, телевизор, стиральная машина, холодильник, микроволновая печь, кондиционер, пылесос, посуда, сушилка, лифт",совмещен,1,ванна,на улицу,,"семейной паре, можно с животными",BI Group Юг,1,,,,,,,,,
https://krisha.kz/a/show/1013890593,"2-комнатная квартира · 43.84 м² · 13/14 этаж, E-429 14/2",280000,51.139903599928,71.359869311606,1013890593,arenda,kvartiry,2,43.84,14,False,False,monthly,"Астана, Нура р-н",43.84 м²,False,2026-08-05T16:23:00+00:00,Алтын Саулет,13 из 14,да,"свежий ремонт, новая мебель",полностью,"решетки на окнах, охрана, домофон, видеонаблюдение, видеодомофон",нет,"кровать, обеденный стол, шкаф для одежды, кухонный гарнитур, диван","интернет, телевизор, стиральная машина, холодильник, микроволновая печь, кондиционер, пылесос, посуда, сушилка, лифт",совмещен,1,ванна,во двор,1,"семейной паре, некурящим, одному человеку",ULYTAU GROUP,1,,,,,,,,,
https://krisha.kz/a/show/1001405976,"2-комнатная квартира · 70 м² · 3/13 этаж, Чингиза Айтматова 36",260000,51.134929423525,71.363915689613,1001405976,arenda,kvartiry,2,70.0,27,False,False,monthly,"Астана, Есильский р-н",70 м²,False,2026-08-05T16:23:00+00:00,Жагалау 3,3 из 13,,,полностью,"домофон, видеонаблюдение",нет,"кровать, обеденный стол, шкаф для одежды, кухонный гарнитур, рабочий стол, диван","интернет, стиральная машина, холодильник, сушилка, кладовая, лифт",разделен,1,ванна,во двор,,,Инвестиционная строительная компания ASI,1,,,,,,,,,
https://krisha.kz/a/show/1010417601,"1-комнатная квартира · 50.1 м² · 6/12 этаж, Мәңгілік Ел 21 — Жанибек Керея",250000,51.112623585398,71.432084282194,1010417601,arenda,kvartiry,1,50.1,5,False,False,monthly,"Астана, Есильский р-н","50.1 м², Площадь кухни — 13.7 м²",False,2026-08-05T16:23:00+00:00,Айсанам De Luxe,6 из 12,,"не новый, но аккуратный и чистый ремонт",полностью,,нет,"кровать, обеденный стол, кухонный гарнитур, диван","стиральная машина, холодильник, сушилка, лифт",совмещен,,,во двор,1,"семейной паре, некурящим, одному человеку",Елорда Курылыс Компаниясы,,,,,,,,,,
https://krisha.kz/a/show/1005753455,"2-комнатная квартира · 42 м² · 4/12 этаж, Керей, Жанибек хандар 44/3",330000,51.105082,71.444317,1005753455,arenda,kvartiry,2,42.0,24,False,False,monthly,"Астана, Есильский р-н",42 м²,False,2026-08-05T16:23:00+00:00,DOS,4 из 12,да,"свежий ремонт, новая мебель",полностью,"охрана, домофон, кодовый замок, видеонаблюдение, видеодомофон",нет,"кровать, обеденный стол, шкаф для одежды, кухонный гарнитур, рабочий стол, диван","телевизор, стиральная машина, холодильник, посудомоечная машина, кондиционер, посуда, сушилка, лифт",совмещен,1,ванна,"во двор, на улицу",1,"семейной паре, некурящим, одному человеку",SVOYDOM,,,,,,,,,,
https://krisha.kz/a/show/685890003,"2-комнатная квартира · 40 м² · 11/14 этаж, Мәңгілік Ел 19",250000,51.114299936635,71.432702846224,685890003,arenda,kvartiry,2,40.0,4,False,False,monthly,"Астана, Есильский р-н",40 м²,False,2026-08-05T16:23:00+00:00,Айсанам,11 из 14,да,,полностью,,нет,"кровать, обеденный стол, шкаф для одежды, кухонный гарнитур, диван","интернет, стиральная машина, холодильник, лифт",,1,ванна,на улицу,1,"семейной паре, одному человеку",Азбука Жилья Новостройки,,,,,,,,,,
https://krisha.kz/a/show/1002377753,"2-комнатная квартира · 75.5 м² · 7/12 этаж, мкр Пригородный, Керей и Жанибек Хандар 50 — Пр. Альфараби",700000,51.104946,71.451063,1002377753,arenda,kvartiry,2,75.5,14,False,False,monthly,"Астана, Есильский р-н","75.5 м², Площадь кухни — 25 м²",False,2026-08-05T16:23:00+00:00,,7 из 12,,"свежий ремонт, новая мебель",полностью,"охрана, домофон, кодовый замок, сигнализация, видеонаблюдение, видеодомофон",,"кровать, обеденный стол, шкаф для одежды, кухонный гарнитур, рабочий стол, диван","интернет, телевизор, стиральная машина, холодильник, микроволновая печь, посудомоечная машина, кондиционер, пылесос, посуда, сушилка, кладовая, лифт",,,ванна,,,"семейной паре, одному человеку",,1,,,,,,,,,
https://krisha.kz/a/show/1014352081,"1-комнатная квартира · 38 м² · 8/14 этаж, Мәңгілік Ел",300000,51.114299936635,71.432702846224,1014352081,arenda,kvartiry,1,38.0,21,False,False,monthly,"Астана, Есильский р-н","38 м², Площадь кухни — 10 м²",False,2026-08-05T16:23:00+00:00,Айсанам,8 из 14,,"свежий ремонт, новая мебель",полностью,"домофон, кодовый замок, видеонаблюдение",нет,"обеденный стол, шкаф для одежды, кухонный гарнитур, диван","телевизор, стиральная машина, холодильник, микроволновая печь, посуда, сушилка, лифт",совмещен,1,ванна,на улицу,1,"семейной паре, некурящим, одному человеку",Азбука Жилья Новостройки,,,,,,,,,,
https://krisha.kz/a/show/699264670,"1-комнатная квартира · 44 м² · 3/8 этаж, Казыбек би 3/2",230000,51.1169,71.388298,699264670,arenda,kvartiry,1,44.0,13,False,False,monthly,"Астана, Нура р-н",44 м²,False,2026-08-05T16:23:00+00:00,,3 из 8,,"свежий ремонт, новая мебель",,домофон,нет,"обеденный стол, шкаф для одежды, кухонный гарнитур, диван","интернет, телевизор, стиральная машина, холодильник, микроволновая печь, кондиционер, посуда, лифт",,1,ванна,на улицу,1,,,1,,,,,,,,,
https://krisha.kz/a/show/1012779699,"3-комнатная квартира · 125 м² · 14/25 этаж, Сыганак 17",700000,51.130558300884,71.390286684036,1012779699,arenda,kvartiry,3,125.0,24,False,False,monthly,"Астана, Нура р-н",125 м²,False,2026-08-05T16:23:00+00:00,GreenLine.Зеленый квартал,14 из 25,да,"свежий ремонт, новая мебель",,"охрана, домофон, кодовый замок, видеонаблюдение",нет,"кровать, обеденный стол, шкаф для одежды, кухонный гарнитур, рабочий стол","интернет, стиральная машина, холодильник, микроволновая печь, посудомоечная машина, кондиционер, сушилка, кладовая, лифт",совмещен,2,"душевая кабина, ванна",на улицу,1,"семейной паре, одному человеку, можно с детьми",BI Group Юг,1,,,,,,,,,
https://krisha.kz/a/show/1008052258,"2-комнатная квартира · 60 м² · 2/7 этаж, Маметова 8",240000,51.127363118337,71.379334150104,1008052258,arenda,kvartiry,2,60.0,29,False,False,monthly,"Астана, Нура р-н",60 м²,False,2026-08-05T16:23:00+00:00,Шыгыс,2 из 7,,"не новый, но аккуратный и чистый ремонт",полностью,"домофон, видеонаблюдение",нет,"кровать, обеденный стол, шкаф для одежды, кухонный гарнитур, рабочий стол, диван","интернет, стиральная машина, холодильник, пылесос, сушилка, лифт",разделен,1,ванна,на улицу,2,можно с детьми,Елорда Курылыс Компаниясы,,,,,,,,,,
https://krisha.kz/a/show/1014568678,"1-комнатная квартира · 35 м² · 6/9 этаж, Керей хандар 9",165000,51.11612,71.414574,1014568678,arenda,kvartiry,1,35.0,4,False,False,monthly,"Астана, Есильский р-н","35 м², Площадь кухни — 10 м²",False,2026-08-05T16:23:00+00:00,,6 из 9,,"не новый, но аккуратный и чистый ремонт",,,,,,,,,,,,,,,,,,,,,,
https://krisha.kz/a/show/1014215610,"1-комнатная квартира · 53 м² · 3/10 этаж, Максут Нарикбаев 5",250000,51.143694906059,71.384061888376,1014215610,arenda,kvartiry,1,53.0,6,False,False,monthly,"Астана, Нура р-н","53 м², Площадь кухни — 12 м²",False,2026-08-05T16:23:00+00:00,Ерке,3 из 10,,"свежий ремонт, новая мебель",полностью,"домофон, видеонаблюдение",нет,"кровать, обеденный стол, шкаф для одежды, кухонный гарнитур, диван","интернет, телевизор, стиральная машина, холодильник, микроволновая печь, лифт",совмещен,1,ванна,во двор,,"семейной паре, одному человеку, можно с детьми",СК Астанатрансстрой,1,,,,,,,,,
https://krisha.kz/a/show/1014535555,"1-комнатная квартира · 36 м² · 2/10 этаж, Р.Багланова 1",250000,51.116742749411,71.395542636543,1014535555,arenda,kvartiry,1,36.0,7,False,False,monthly,"Астана, Нура р-н",36 м²,False,2026-08-05T16:23:00+00:00,,2 из 10,да,"свежий ремонт, новая мебель",полностью,"кодовый замок, видеонаблюдение",нет,"кровать, обеденный стол, шкаф для одежды, кухонный гарнитур, рабочий стол, диван","интернет, телевизор, стиральная машина, холодильник, микроволновая печь, кондиционер, посуда, сушилка, лифт",совмещен,1,душевая кабина,на улицу,,"семейной паре, некурящим, одному человеку",,,,,,,,,,,
https://krisha.kz/a/show/1012152990,"2-комнатная квартира · 53 м² · 4/9 этаж, Толе би 12/1",260000,51.097679364643,71.386452913175,1012152990,arenda,kvartiry,2,53.0,11,False,False,monthly,"Астана, Нура р-н",53 м²,False,2026-08-05T16:23:00+00:00,Dastur,4 из 9,,,полностью,,нет,"кровать, обеденный стол, шкаф для одежды, кухонный гарнитур, рабочий стол","стиральная машина, холодильник, лифт",,1,,на улицу,1,,ULYTAU GROUP,,,,,,,,,,
https://krisha.kz/a/show/1013312755,"1-комнатная квартира · 38 м² · 6/16 этаж, Тауелсиздик 34/2 — Момышулы",300000,51.138434633569,71.467113488437,1013312755,arenda,kvartiry,1,38.0,7,False,False,monthly,"Астана, Алматы р-н",38 м²,False,2026-08-05T16:23:00+00:00,Silk Way,6 из 16,,"свежий ремонт, новая мебель",полностью,"решетки на окнах, охрана, домофон, кодовый замок, сигнализация, видеонаблюдение, видеодомофон",нет,"кровать, обеденный стол, шкаф для одежды, кухонный гарнитур, рабочий стол, диван","стиральная машина, холодильник, микроволновая печь, посудомоечная машина, пылесос",совмещен,1,"душевая кабина, ванна",на улицу,1,"семейной паре, одному человеку",ТОО Бурмонтаж - Актобе,1,,,,,,,,,
https://krisha.kz/a/show/1011113576,"1-комнатная квартира · 41 м² · 4/10 этаж, Алихана Бокейханова 11/1",300000,51.104126,71.43537,1011113576,arenda,kvartiry,1,41.0,6,False,False,monthly,"Астана, Есильский р-н",41 м²,False,2026-08-05T16:23:00+00:00,,4 из 10,,"свежий ремонт, новая мебель",полностью,домофон,нет,"кровать, обеденный стол, шкаф для одежды, кухонный гарнитур, диван","интернет, телевизор, стиральная машина, холодильник, микроволновая печь, пылесос, посуда, сушилка, лифт",совмещен,1,ванна,во двор,1,"семейной паре, некурящим, одному человеку, можно с детьми",,,,,,,,,,,
https://krisha.kz/a/show/1014339555,"2-комнатная квартира · 73 м² · 5/7 этаж, Касым Аманжолов 22А",450000,51.11558492325,71.472721786456,1014339555,arenda,kvartiry,2,73.0,19,False,False,monthly,"Астана, Алматы р-н",73 м²,False,2026-08-05T16:23:00+00:00,Hayat,5 из 7,,"свежий ремонт, новая мебель",полностью,,нет,,,,,,,,,,,,,,,,,,,
https://krisha.kz/a/show/1011922619,"3-комнатная квартира · 62 м² · 5/5 этаж, ул. Каныша Сатпаева 3/1",250000,51.151807199473,71.466476799794,1011922619,arenda,kvartiry,3,62.0,5,False,False,monthly,"Астана, Алматы р-н",62 м²,False,2026-08-05T16:23:00+00:00,,5 из 5,,"свежий ремонт, новая мебель",,,нет,"кровать, обеденный стол, шкаф для одежды, кухонный гарнитур, рабочий стол, диван","телевизор, стиральная машина, холодильник, микроволновая печь, посудомоечная машина, посуда",разделен,1,ванна,"во двор, на улицу",1,"семейной паре, некурящим",,,,,,,,,,,
https://krisha.kz/a/show/1014555108,"4-комнатная квартира · 120 м² · 5/7 этаж, Улы Дала 58",550000,51.096769238469,71.41287243859,1014555108,arenda,kvartiry,4,120.0,13,False,False,monthly,"Астана, Есильский р-н",120 м²,False,2026-08-05T16:23:00+00:00,Expo Plaza,5 из 7,,"свежий ремонт, новая мебель",полностью,,нет,"кровать, обеденный стол, шкаф для одежды, кухонный гарнитур, рабочий стол, диван",,,2,,"во двор, на улицу",,"семейной паре, некурящим, одному человеку, можно с детьми",BAZIS–А,2,,,,,,,,,
https://krisha.kz/a/show/1014564386,"3-комнатная квартира · 90 м² · 16/16 этаж, Б. Момышулы 12 — Сатпаева",370000,51.139908007686,71.479136031121,1014564386,arenda,kvartiry,3,90.0,15,False,False,monthly,"Астана, Алматы р-н","90 м², Площадь кухни — 14 м²",False,2026-08-05T16:23:00+00:00,Астана Меруерт,16 из 16,,"не новый, но аккуратный и чистый ремонт",полностью,"домофон, видеонаблюдение",нет,"кровать, обеденный стол, шкаф для одежды, кухонный гарнитур, рабочий стол, диван","интернет, телевизор, стиральная машина, холодильник, микроволновая печь, пылесос, посуда, лифт",разделен,2,душевая кабина,во двор,,"семейной паре, некурящим, можно с детьми",МГТ - Астана,1,,,,,,,,,
https://krisha.kz/a/show/1014396389,"4-комнатная квартира · 150 м² · 14/23 этаж, Динмухаммед Кунаев 12",1200000,51.129990774534,71.428955947598,1014396389,arenda,kvartiry,4,150.0,28,False,False,monthly,"Астана, Есильский р-н","150 м², Площадь кухни — 12 м²",False,2026-08-05T16:23:00+00:00,На Водно-зелёном бульваре,14 из 23,,"не новый, но аккуратный и чистый ремонт",полностью,"решетки на окнах, домофон, видеонаблюдение, видеодомофон",нет,"кровать, обеденный стол, шкаф для одежды, кухонный гарнитур, рабочий стол, диван","интернет, телевизор, стиральная машина, холодильник, микроволновая печь, посудомоечная машина, кондиционер, пылесос, посуда, сушилка, кладовая, лифт",,3,"душевая кабина, ванна","во двор, на улицу",1,"семейной паре, одному человеку",BAZIS–А,,,,,,,,,,
https://krisha.kz/a/show/1014552776,"3-комнатная квартира · 75 м², Е-36, E-15 2, 4, 5, 9, 11 — Сыганак",500000,51.128704877183,71.386441113725,1014552776,arenda,kvartiry,3,75.0,10,False,False,monthly,"Астана, Нура р-н",75 м²,False,2026-08-05T16:23:00+00:00,Respublika,,,,,,нет,,,,,,,,,SAT-NS,,,,,,,,,,
https://krisha.kz/a/show/692015564,"2-комнатная квартира · 65 м² · 11/15 этаж, Б. Момышулы 14 — Сатпаева",300000,51.140483069862,71.482000630348,692015564,arenda,kvartiry,2,65.0,6,False,False,monthly,"Астана, Алматы р-н",65 м²,False,2026-08-05T16:23:00+00:00,,11 из 15,да,"свежий ремонт, новая мебель",полностью,"решетки на окнах, домофон, видеонаблюдение",нет,"кровать, обеденный стол, шкаф для одежды, кухонный гарнитур, рабочий стол, диван","интернет, телевизор, стиральная машина, холодильник, микроволновая печь, кондиционер, пылесос, посуда, сушилка, лифт",совмещен,1,ванна,на улицу,2,,,,,,,,,,,,
https://krisha.kz/a/show/1014141447,"3-комнатная квартира · 120 м² · 4/14 этаж, Кайым Мухамедханов 1, 1/1, 1/2",800000,51.13764138015,71.412121317332,1014141447,arenda,kvartiry,3,120.0,7,False,False,monthly,"Астана, Нура р-н",120 м²,False,2026-08-05T16:23:00+00:00,ASTORIA,4 из 14,,,полностью,"охрана, домофон, кодовый замок, видеонаблюдение, видеодомофон, консьерж",нет,"кровать, обеденный стол, шкаф для одежды, кухонный гарнитур, диван","интернет, телевизор, стиральная машина, холодильник, микроволновая печь, посудомоечная машина, кондиционер",,2,"душевая кабина, ванна","во двор, на улицу",,"семейной паре, можно с детьми",BAZIS–А,,,,,,,,,,
https://krisha.kz/a/show/1014087048,"2-комнатная квартира · 69 м² · 10/23 этаж, Кошкарбаева 32/1",300000,51.123937490183,71.481331953851,1014087048,arenda,kvartiry,2,69.0,18,False,False,monthly,"Астана, Алматы р-н","69 м², Площадь кухни — 12 м²",False,2026-08-05T16:23:00+00:00,Сенатор,10 из 23,,"свежий ремонт, новая мебель",полностью,,нет,"кровать, обеденный стол, шкаф для одежды, кухонный гарнитур, рабочий стол, диван","телевизор, стиральная машина, холодильник, пылесос, сушилка, лифт",совмещен,1,ванна,"во двор, на улицу",нет,"семейной паре, некурящим",Оркен ЖСК,1,,,,,,,,,
https://krisha.kz/a/show/1014567393,"2-комнатная квартира · 57 м², Ракымжан Кошкарбаев 31",330000,51.128396247075,71.492858375497,1014567393,arenda,kvartiry,2,57.0,9,False,False,monthly,"Астана, Алматы р-н",57 м²,False,2026-08-05T16:23:00+00:00,Nur Aspan 2,10,,,полностью,"охрана, домофон, видеонаблюдение",нет,"кровать, обеденный стол, шкаф для одежды, кухонный гарнитур, диван","телевизор, стиральная машина, микроволновая печь, посудомоечная машина, посуда, сушилка, лифт",разделен,1,ванна,"во двор, на улицу",1,"семейной паре, некурящим, одному человеку, можно с детьми",ORDA INVEST,,,,,,,,,,
https://krisha.kz/a/show/1008312800,"2-комнатная квартира · 70 м² · 4/9 этаж, Кабанбай батыра Туран",750000,51.141868917604,71.414699704038,1008312800,arenda,kvartiry,2,70.0,18,False,False,monthly,"Астана, Нура р-н",70 м²,False,2026-08-05T16:23:00+00:00,Клубный Дом 56,4 из 9,,,,"охрана, кодовый замок, видеонаблюдение, видеодомофон",нет,"кровать, обеденный стол, шкаф для одежды, кухонный гарнитур, рабочий стол, диван","интернет, телевизор, стиральная машина, холодильник, микроволновая печь, кондиционер, лифт",,1,душевая кабина,во двор,,"семейной паре, некурящим, одному человеку",BI Group Юг,,,,,,,,,,
https://krisha.kz/a/show/1014566729,"2-комнатная квартира · 85 м² · 3 этаж, Бокейхана 25A",450000,51.087586011104,71.42876353873,1014566729,arenda,kvartiry,2,85.0,7,False,False,monthly,"Астана, Есильский р-н","85 м², Площадь кухни — 24 м²",False,2026-08-05T16:23:00+00:00,Apple City,3,,"свежий ремонт, новая мебель",,"решетки на окнах, домофон",нет,"кровать, обеденный стол, шкаф для одежды, кухонный гарнитур, диван","интернет, телевизор, стиральная машина, холодильник, микроволновая печь, посудомоечная машина, пылесос, кладовая",совмещен,1,ванна,"во двор, на улицу",1,"семейной паре, некурящим",SAT-NS,,,,,,,,,,
https://krisha.kz/a/show/1013324404,"2-комнатная квартира · 40 м², Проспект Тауелсиздик 34/10 — Проспект Бауыржан Момышулы",210000,51.139901,71.470323,1013324404,arenda,kvartiry,2,40.0,3,False,False,monthly,Астана,40 м²,False,2026-08-05T16:23:00+00:00,,,да,,полностью,,нет,,,,,,,,,,,,,,,,,,,
https://krisha.kz/a/show/1014126664,"2-комнатная квартира · 65 м², Культегин 4а — Сыганак",280000,51.126415,71.371661,1014126664,arenda,kvartiry,2,65.0,6,False,False,monthly,Астана,65 м²,False,2026-08-05T16:23:00+00:00,,,,,,,нет,,,,,,,,,,,,,,,,,,,
https://krisha.kz/a/show/1014100872,"2-комнатная квартира · 50 м², Бейбитшилик 75 — улица Алии Молдагуловой",240000,51.187029568867,71.414881442622,1014100872,arenda,kvartiry,2,50.0,10,False,False,monthly,Астана,50 м²,False,2026-08-05T16:23:00+00:00,,,,,,,,,,,,,,,,,,,,,,,,,,
https://krisha.kz/a/show/1014192003,"1-комнатная квартира · 41 м² · 4/12 этаж, Сыганак 28",300000,51.127440933242,71.390980481992,1014192003,arenda,kvartiry,1,41.0,13,False,False,monthly,"Астана, Нура р-н",41 м²,False,2026-08-05T16:23:00+00:00,Eco Park,4 из 12,,"свежий ремонт, новая мебель",полностью,видеодомофон,нет,"обеденный стол, кухонный гарнитур, диван","телевизор, стиральная машина, холодильник, микроволновая печь, кондиционер, пылесос, лифт",совмещен,1,душевая кабина,на улицу,,"некурящим, одному человеку",NAK,1,,,,,,,,,
https://krisha.kz/a/show/1014566519,"2-комнатная квартира · 70 м² · 4/19 этаж, Жошы хан 12/1",350000,51.102295976394,71.43981297019,1014566519,arenda,kvartiry,2,70.0,0,False,False,monthly,"Астана, Есильский р-н","70 м², жилая — 50 м², Площадь кухни — 15 м²",False,2026-08-05T16:23:00+00:00,Sandi Qala,4 из 19,,"свежий ремонт, новая мебель",полностью,"охрана, домофон, кодовый замок, сигнализация, видеонаблюдение, видеодомофон",нет,"шкаф для одежды, кухонный гарнитур","интернет, телевизор, стиральная машина, холодильник, микроволновая печь, кондиционер, сушилка, лифт",совмещен,1,ванна,"во двор, на улицу",,"семейной паре, некурящим",,1,,,,,,,,,
https://krisha.kz/a/show/1014493868,"1-комнатная квартира · 38 м² · 4/10 этаж, Шакарима Кудайбердыулы 32 — Кайрат Рыскулбекова",180000,51.157181576235,71.495150493255,1014493868,arenda,kvartiry,1,38.0,4,False,False,monthly,Астана,"38 м², Площадь кухни — 12 м²",False,2026-08-05T16:23:00+00:00,,4 из 10,,"не новый, но аккуратный и чистый ремонт",полностью,,нет,,,,,,,,,,,,,,,,,,,
https://krisha.kz/a/show/1014566233,"4-комнатная квартира · 78 м² · 3/5 этаж, Переулок Ташенова 4",350000,51.153799292196,71.43715355311,1014566233,arenda,kvartiry,4,78.0,8,False,False,monthly,"Астана, р-н Байконур",78 м²,False,2026-08-05T16:23:00+00:00,,3 из 5,,"не новый, но аккуратный и чистый ремонт",полностью,"решетки на окнах, домофон",нет,"кровать, обеденный стол, шкаф для одежды, кухонный гарнитур, рабочий стол, диван","интернет, телевизор, стиральная машина, холодильник, пылесос",разделен,1,ванна,"во двор, на улицу",1,можно с детьми,,,,,,,,,,,
https://krisha.kz/a/show/1013045581,"4-комнатная квартира · 150 м² · 5/5 этаж, Алихан Бокейхан 10/1",990000,51.114214785277,71.437959117843,1013045581,arenda,kvartiry,4,150.0,15,False,False,monthly,"Астана, Есильский р-н",150 м²,False,2026-08-05T16:23:00+00:00,Кыз Жибек,5 из 5,,"свежий ремонт, новая мебель",полностью,"домофон, кодовый замок, видеонаблюдение",нет,"кровать, обеденный стол, шкаф для одежды, кухонный гарнитур, рабочий стол, диван","интернет, телевизор, стиральная машина, холодильник, микроволновая печь, посудомоечная машина, кондиционер, пылесос, посуда, сушилка, лифт",совмещен,3,"душевая кабина, ванна",во двор,нет,"семейной паре, можно с детьми",Азбука Жилья Новостройки,1,,,,,,,,,
https://krisha.kz/a/show/1014472595,"1-комнатная квартира · 42 м² · 13/16 этаж, Кайым Мухамедханов 4в — Толе би",270000,51.137963731585,71.397450738689,1014472595,arenda,kvartiry,1,42.0,18,False,False,monthly,"Астана, Нура р-н","42 м², Площадь кухни — 12 м²",False,2026-08-05T16:23:00+00:00,GreenLine.Asyl Mura Abai,13 из 16,,"свежий ремонт, новая мебель",полностью,"домофон, кодовый замок, видеодомофон",нет,"обеденный стол, шкаф для одежды, кухонный гарнитур, диван","телевизор, стиральная машина, холодильник, пылесос, сушилка, лифт",совмещен,1,ванна,на улицу,,одному человеку,,1,,,,,,,,,
https://krisha.kz/a/show/1012038125,"2-комнатная квартира · 58 м² · 12/14 этаж, Бектурова 4В",320000,51.121067,71.398458,1012038125,arenda,kvartiry,2,58.0,6,False,False,monthly,"Астана, Есильский р-н","58 м², Площадь кухни — 9 м²",False,2026-08-05T16:23:00+00:00,Алтын Шар 1,12 из 14,,"не новый, но аккуратный и чистый ремонт",полностью,"решетки на окнах, домофон, видеонаблюдение",нет,"кровать, обеденный стол, шкаф для одежды, кухонный гарнитур, рабочий стол, диван","интернет, телевизор, стиральная машина, холодильник, микроволновая печь, кондиционер, посуда, сушилка, лифт",совмещен,1,ванна,на улицу,1,"семейной паре, некурящим, можно с детьми",Шар-Құрылыс,,,,,,,,,,
https://krisha.kz/a/show/1014565193,"1-комнатная квартира · 35 м² · 3/16 этаж, Мангилик Ел — Напротив новой мечети",250000,51.070138083327,71.41907585364,1014565193,arenda,kvartiry,1,35.0,10,False,False,monthly,"Астана, Есильский р-н","35 м², жилая — 16 м², Площадь кухни — 9 м²",False,2026-08-05T16:23:00+00:00,AMAN,3 из 16,,"свежий ремонт, новая мебель",полностью,"домофон, видеонаблюдение",нет,"обеденный стол, шкаф для одежды, кухонный гарнитур, диван","телевизор, стиральная машина, холодильник, микроволновая печь, посудомоечная машина, пылесос, лифт",совмещен,1,душевая кабина,во двор,,"семейной паре, некурящим, одному человеку",BAZIS–А,1,,,,,,,,,
https://krisha.kz/a/show/1014192767,"3-комнатная квартира · 90 м² · 9/9 этаж, Туран 43",600000,51.12500239242,71.400200356195,1014192767,arenda,kvartiry,3,90.0,18,False,False,monthly,"Астана, Нура р-н","90 м², Площадь кухни — 15 м²",False,2026-08-05T16:23:00+00:00,Grand Turan Comfort,9 из 9,,"свежий ремонт, новая мебель",полностью,"домофон, кодовый замок, видеодомофон",нет,"кровать, обеденный стол, шкаф для одежды, кухонный гарнитур, рабочий стол, диван","интернет, стиральная машина, холодильник, микроволновая печь, пылесос, посуда, сушилка, лифт",разделен,2,ванна,во двор,1,"семейной паре, некурящим, одному человеку",BI Group Юг,,,,,,,,,,
https://krisha.kz/a/show/1011989088,"3-комнатная квартира · 150 м² · 6/6 этаж, мкр Уркер, Туран",1400000,51.153162317487,71.410188674927,1011989088,arenda,kvartiry,3,150.0,17,False,False,monthly,"Астана, Нура р-н","150 м², жилая — 133 м², Площадь кухни — 17 м²",False,2026-08-05T16:23:00+00:00,Central Park,6 из 6,,"свежий ремонт, новая мебель",полностью,"охрана, домофон, кодовый замок, сигнализация, видеонаблюдение, видеодомофон, консьерж",нет,"кровать, обеденный стол, шкаф для одежды, кухонный гарнитур, рабочий стол, диван","интернет, телевизор, стиральная машина, холодильник, пылесос, посуда, сушилка, кладовая, лифт",совмещен,2,"душевая кабина, ванна","во двор, на улицу",2,"семейной паре, одному человеку, можно с детьми",Sensata Group,,,,,,,,,,
https://krisha.kz/a/show/1014475253,"3-комнатная квартира · 73 м² · 3/6 этаж, Мухамеджан Тынышбайулы 2 — Находится возле нового вокзала Нурлы жол",300000,51.117445861867,71.531517996705,1014475253,arenda,kvartiry,3,73.0,11,False,False,monthly,"Астана, Сарайшык р-н",73 м²,False,2026-08-05T16:23:00+00:00,Нурлы,3 из 6,,,полностью,"домофон, видеонаблюдение",нет,"кровать, обеденный стол, шкаф для одежды, кухонный гарнитур, рабочий стол, диван","интернет, телевизор, стиральная машина, холодильник, пылесос, сушилка, лифт",разделен,,,"во двор, на улицу",1,"семейной паре, некурящим, можно с детьми",,,,,,,,,,,
https://krisha.kz/a/show/1014564327,"1-комнатная квартира · 50 м² · 9/10 этаж, Мангилик ел",239000,51.103658430159,71.426610143636,1014564327,arenda,kvartiry,1,50.0,10,False,False,monthly,"Астана, Есильский р-н",50 м²,False,2026-08-05T16:23:00+00:00,Park Avenue,9 из 10,,"не новый, но аккуратный и чистый ремонт",полностью,"решетки на окнах, охрана, домофон, кодовый замок, видеодомофон",нет,"кровать, обеденный стол, шкаф для одежды, кухонный гарнитур, рабочий стол, диван","телевизор, стиральная машина, холодильник, микроволновая печь, пылесос, лифт",совмещен,1,ванна,,,"семейной паре, некурящим, одному человеку",BI Group Юг,1,,,,,,,,,
https://krisha.kz/a/show/1014564778,"1-комнатная квартира · 40 м² · 5/9 этаж, Ильяс Омаров 27",250000,51.142165591603,71.370731986664,1014564778,arenda,kvartiry,1,40.0,16,False,False,monthly,"Астана, Нура р-н",40 м²,False,2026-08-05T16:23:00+00:00,Absolute,5 из 9,,"свежий ремонт, новая мебель",полностью,,нет,,,,,,,,,Инвестиционная компания Қаражат,,,,,,,,,,
https://krisha.kz/a/show/1006516348,"4-комнатная квартира · 241 м², Нажимеденова 14",1000000,51.11762259996,71.4752850766,1006516348,arenda,kvartiry,4,241.0,14,False,False,monthly,"Астана, Алматы р-н",241 м²,False,2026-08-05T16:23:00+00:00,Сулу,5,,,без мебели,"охрана, домофон, кодовый замок, видеонаблюдение, видеодомофон",нет,,"интернет, холодильник, посудомоечная машина, кондиционер, лифт",разделен,,"душевая кабина, ванна","во двор, на улицу",2,,Асем Кала,,,,,,,,,,
https://krisha.kz/a/show/1012149371,"2-комнатная квартира · 75 м² · 4/7 этаж, Кабанбай батыра 60",250000,51.091070057522,71.404336941652,1012149371,arenda,kvartiry,2,75.0,16,False,False,monthly,"Астана, Есильский р-н",75 м²,False,2026-08-05T16:23:00+00:00,Expo Residence,4 из 7,,"не новый, но аккуратный и чистый ремонт",частично,"охрана, домофон, кодовый замок, сигнализация, видеонаблюдение, видеодомофон",нет,"обеденный стол, шкаф для одежды, кухонный гарнитур","интернет, стиральная машина, холодильник, кондиционер",разделен,2,ванна,"во двор, на улицу",2,"семейной паре, некурящим, можно с детьми",BI Group Юг,,,,,,,,,,
https://krisha.kz/a/show/1014564702,"3-комнатная квартира · 80 м² · 2/3 этаж, Абая 30",350000,51.168447,71.428947,1014564702,arenda,kvartiry,3,80.0,6,False,False,monthly,"Астана, Алматы р-н",80 м²,False,2026-08-05T16:23:00+00:00,,2 из 3,,,,,,"обеденный стол, шкаф для одежды, кухонный гарнитур, диван","телевизор, холодильник, пылесос, кладовая",разделен,1,душевая кабина,"во двор, на улицу",2,"семейной паре, можно с детьми",,,,,,,,,,,
https://krisha.kz/a/show/1014561355,"2-комнатная квартира · 55 м² · 2/9 этаж, Жубанова 4 — Иманова-Жубанова",270000,51.158986,71.458178,1014561355,arenda,kvartiry,2,55.0,12,False,False,monthly,"Астана, Алматы р-н","55 м², Площадь кухни — 10 м²",False,2026-08-05T16:23:00+00:00,"Жубанова, 4",2 из 9,,"свежий ремонт, новая мебель",полностью,"решетки на окнах, домофон",нет,"кровать, обеденный стол, шкаф для одежды, кухонный гарнитур, диван","интернет, телевизор, стиральная машина, холодильник, посуда, сушилка, кладовая, лифт",разделен,1,ванна,"во двор, на улицу",1,"семейной паре, некурящим, одному человеку",Елорда Курылыс Компаниясы,,,,,,,,,,
https://krisha.kz/a/show/1010513519,"2-комнатная квартира · 40 м² · 15/20 этаж, мкр Шубар, Наркескен 1/1 1/1",400000,51.149043,71.42786,1010513519,arenda,kvartiry,2,40.0,26,False,False,monthly,"Астана, Есильский р-н",40 м²,False,2026-08-05T16:23:00+00:00,,15 из 20,,,полностью,"видеонаблюдение, видеодомофон, консьерж",,"кровать, обеденный стол, шкаф для одежды, кухонный гарнитур, диван","телевизор, стиральная машина, холодильник, микроволновая печь, посудомоечная машина, кондиционер",,1,душевая кабина,,,,,,,,,,,,,,
https://krisha.kz/a/show/1014564418,"1-комнатная квартира · 37 м² · 4/9 этаж, Аль-Фараби 34/3 — Улы Дала",200000,51.088933,71.452204,1014564418,arenda,kvartiry,1,37.0,9,False,False,monthly,"Астана, Есильский р-н","37 м², Площадь кухни — 9 м²",False,2026-08-05T16:23:00+00:00,Nova City,4 из 9,,"не новый, но аккуратный и чистый ремонт",,"домофон, видеонаблюдение",нет,"обеденный стол, шкаф для одежды, кухонный гарнитур, диван","стиральная машина, холодильник, микроволновая печь, сушилка",совмещен,1,ванна,во двор,1,"семейной паре, некурящим, одному человеку",BI Group Юг,,,,,,,,,,
https://krisha.kz/a/show/761242866,"1-комнатная квартира · 38.5 м² · 8/9 этаж, Туран",230000,51.105371683152,71.392262020506,761242866,arenda,kvartiry,1,38.5,6,False,False,monthly,"Астана, Нура р-н",38.5 м²,False,2026-08-05T16:23:00+00:00,Arena city 2,8 из 9,да,"свежий ремонт, новая мебель",полностью,кодовый замок,нет,"кровать, обеденный стол, шкаф для одежды, кухонный гарнитур, диван","стиральная машина, холодильник",совмещен,1,ванна,на улицу,,"некурящим, одному человеку",,1,,,,,,,,,
https://krisha.kz/a/show/1014134036,"1-комнатная квартира · 38 м², С. Кубрина 22/1",180000,51.170208721926,71.404502557489,1014134036,arenda,kvartiry,1,38.0,11,False,False,monthly,"Астана, Сарыарка р-н","38 м², Площадь кухни — 12 м²",False,2026-08-05T16:23:00+00:00,Успех,12,,"не новый, но аккуратный и чистый ремонт",полностью,"решетки на окнах, домофон, видеонаблюдение",нет,"кровать, обеденный стол, шкаф для одежды, кухонный гарнитур, диван","стиральная машина, холодильник, лифт",совмещен,1,душевая кабина,"во двор, на улицу",1,"семейной паре, некурящим, одному человеку",Стройкласс,,,,,,,,,,
https://krisha.kz/a/show/1006433823,"2-комнатная квартира · 47 м² · 10/19 этаж, Сыганак — Хан Шатыр, Толе би",350000,51.130558300884,71.390286684036,1006433823,arenda,kvartiry,2,47.0,22,False,False,monthly,"Астана, Есильский р-н",47 м²,False,2026-08-05T16:23:00+00:00,GreenLine.Зеленый квартал,10 из 19,да,"не новый, но аккуратный и чистый ремонт",полностью,"кодовый замок, видеонаблюдение, видеодомофон",,"кровать, обеденный стол, шкаф для одежды, кухонный гарнитур, рабочий стол, диван","интернет, телевизор, стиральная машина, холодильник, микроволновая печь, посудомоечная машина, лифт",,,ванна,"во двор, на улицу",,,BI Group Юг,1,,,,,,,,,
https://krisha.kz/a/show/1012734967,"4-комнатная квартира · 108 м² · 3/9 этаж, Б. Момышулы 10/2",350000,51.138685935534,71.477244906128,1012734967,arenda,kvartiry,4,108.0,6,False,False,monthly,"Астана, Алматы р-н","108 м², Площадь кухни — 16 м²",False,2026-08-05T16:23:00+00:00,Караван-1,3 из 9,,"не новый, но аккуратный и чистый ремонт",полностью,"домофон, видеонаблюдение",нет,"кровать, обеденный стол, шкаф для одежды, кухонный гарнитур, рабочий стол, диван","стиральная машина, сушилка, кладовая, лифт",разделен,2,душевая кабина,на улицу,1,"семейной паре, можно с детьми",Жана Курылыс,,,,,,,,,,
https://krisha.kz/a/show/1013624787,"2-комнатная квартира · 79 м² · 4/20 этаж, Динмухаммед Кунаев 12/2",650000,51.130529763598,71.426331158291,1013624787,arenda,kvartiry,2,79.0,11,False,False,monthly,"Астана, Есильский р-н",79 м²,False,2026-08-05T16:23:00+00:00,На Водно-зелёном бульваре,4 из 20,,"свежий ремонт, новая мебель",полностью,"охрана, домофон",нет,"кровать, обеденный стол, шкаф для одежды, кухонный гарнитур, диван","интернет, телевизор, стиральная машина, холодильник, микроволновая печь, посудомоечная машина, кондиционер, пылесос, посуда, сушилка, лифт",совмещен,2,душевая кабина,на улицу,,"семейной паре, некурящим, одному человеку",BAZIS–А,,,,,,,,,,
https://krisha.kz/a/show/1014428003,"2-комнатная квартира · 40 м² · 13/17 этаж, Туркестан 30/1 — Туркестан",250000,51.100191842352,71.422576084353,1014428003,arenda,kvartiry,2,40.0,0,False,False,monthly,"Астана, Есильский р-н",40 м²,False,2026-08-05T16:23:00+00:00,Арман кала,13 из 17,,"не новый, но аккуратный и чистый ремонт",полностью,"домофон, видеонаблюдение",нет,"кровать, обеденный стол, шкаф для одежды, кухонный гарнитур, диван","телевизор, стиральная машина, холодильник, сушилка, лифт",совмещен,1,душевая кабина,на улицу,,"семейной паре, некурящим, одному человеку",BI Group Юг,1,,,,,,,,,
https://krisha.kz/a/show/1008578214,"2-комнатная квартира · 45 м² · 11/12 этаж, Букар Жырау — Улы Дала, Мәңгілік ел",280000,51.098616263846,71.44025640368,1008578214,arenda,kvartiry,2,45.0,16,False,False,monthly,"Астана, Есильский р-н",45 м²,False,2026-08-05T16:23:00+00:00,ZAMAN,11 из 12,да,,полностью,"кодовый замок, видеонаблюдение, видеодомофон",,"кровать, обеденный стол, шкаф для одежды, кухонный гарнитур, рабочий стол, диван","интернет, телевизор, стиральная машина, холодильник, сушилка, лифт",,,ванна,"во двор, на улицу",,,SVOYDOM,1,,,,,,,,,
https://krisha.kz/a/show/1014477972,"2-комнатная квартира · 75 м² · 6/10 этаж, Керей и Жанибек хандар",430000,51.107216768021,71.445618211367,1014477972,arenda,kvartiry,2,75.0,22,False,False,monthly,"Астана, Есильский р-н",75 м²,False,2026-08-05T16:23:00+00:00,Soho,6 из 10,,"свежий ремонт, новая мебель",,видеодомофон,,"кровать, обеденный стол, шкаф для одежды, кухонный гарнитур, рабочий стол, диван","телевизор, стиральная машина, холодильник, микроволновая печь, посудомоечная машина, сушилка, лифт",совмещен,2,душевая кабина,на улицу,,,BAZIS–А,,,,,,,,,,
https://krisha.kz/a/show/1014563310,"2-комнатная квартира · 46 м² · 8/12 этаж, Асфендьярова 8",320000,51.134283,71.381633,1014563310,arenda,kvartiry,2,46.0,2,False,False,monthly,"Астана, Нура р-н","46 м², Площадь кухни — 18 м²",False,2026-08-05T16:23:00+00:00,,8 из 12,,"свежий ремонт, новая мебель",полностью,"охрана, домофон, кодовый замок, сигнализация, видеонаблюдение",нет,"кровать, обеденный стол, шкаф для одежды, кухонный гарнитур, диван","интернет, телевизор, стиральная машина, холодильник, микроволновая печь, кондиционер, посуда, сушилка, лифт",совмещен,1,душевая кабина,во двор,1,"семейной паре, одному человеку, можно с детьми",,,,,,,,,,,
https://krisha.kz/a/show/1013844643,"2-комнатная квартира · 65 м² · 4/9 этаж, Толе би 12/1",300000,51.096972219356,71.388015382084,1013844643,arenda,kvartiry,2,65.0,22,False,False,monthly,"Астана, Нура р-н","65 м², Площадь кухни — 12 м²",False,2026-08-05T16:23:00+00:00,Dastur,4 из 9,,"не новый, но аккуратный и чистый ремонт",полностью,,нет,"кровать, обеденный стол, шкаф для одежды, кухонный гарнитур, диван","интернет, телевизор, стиральная машина, холодильник, кондиционер, пылесос, посуда, сушилка, лифт",,,ванна,,,,ULYTAU GROUP,,,,,,,,,,
https://krisha.kz/a/show/1014270307,"1-комнатная квартира · 44 м² · 2/9 этаж, Нурмагамбетова 25/1",250000,51.119456,71.481831,1014270307,arenda,kvartiry,1,44.0,13,False,False,monthly,"Астана, Сарайшык р-н","44 м², Площадь кухни — 18 м²",False,2026-08-05T16:23:00+00:00,,2 из 9,,"свежий ремонт, новая мебель",полностью,"охрана, домофон, видеонаблюдение, видеодомофон",нет,"кровать, обеденный стол, шкаф для одежды, кухонный гарнитур, диван","интернет, телевизор, стиральная машина, холодильник, посуда, сушилка, лифт",разделен,1,ванна,во двор,нет,,,1,,,,,,,,,
https://krisha.kz/a/show/1014265330,"2-комнатная квартира · 45 м² · 3/18 этаж, Туран 39/2",450000,51.128379794576,71.400923006265,1014265330,arenda,kvartiry,2,45.0,28,False,False,monthly,"Астана, Нура р-н",45 м²,False,2026-08-05T16:23:00+00:00,Evolution,3 из 18,,"свежий ремонт, новая мебель",полностью,"решетки на окнах, домофон, кодовый замок, видеодомофон, консьерж",нет,"кровать, обеденный стол, шкаф для одежды, кухонный гарнитур, рабочий стол, диван","интернет, телевизор, стиральная машина, холодильник, микроволновая печь, кондиционер, пылесос, посуда, сушилка, кладовая, лифт",совмещен,1,душевая кабина,во двор,1,"семейной паре, некурящим, одному человеку",BAZIS–А,1,,,,,,,,,
https://krisha.kz/a/show/1013010312,"2-комнатная квартира · 46 м² · 1/5 этаж, Ақбұғы 8/1",250000,51.1939,71.40489,1013010312,arenda,kvartiry,2,46.0,7,False,False,monthly,"Астана, Сарыарка р-н",46 м²,False,2026-08-05T16:23:00+00:00,,1 из 5,да,"свежий ремонт, новая мебель",частично,"решетки на окнах, охрана, кодовый замок, видеонаблюдение",,кухонный гарнитур,"холодильник, кондиционер",совмещен,1,ванна,во двор,,некурящим,,,,,,,,,,,
https://krisha.kz/a/show/1014562989,"2-комнатная квартира · 45 м² · 3/3 этаж, Кенесары — Кенесары Желтоксан",250000,51.163838,71.417035,1014562989,arenda,kvartiry,2,45.0,9,False,False,monthly,"Астана, Сарыарка р-н","45 м², Площадь кухни — 25 м²",False,2026-08-05T16:23:00+00:00,,3 из 3,да,"не новый, но аккуратный и чистый ремонт",полностью,домофон,нет,"кровать, обеденный стол, шкаф для одежды, кухонный гарнитур, диван","интернет, телевизор, стиральная машина, холодильник, микроволновая печь, кондиционер, пылесос, посуда",совмещен,1,ванна,"во двор, на улицу",1,"некурящим, одному человеку",,,,,,,,,,,
https://krisha.kz/a/show/1014562923,"1-комнатная квартира · 39 м² · 2/9 этаж, Бөкейхан 25 — Ә.Бөкейхан-Ф.Оңғарсынова",200000,51.086977639407,71.428902347721,1014562923,arenda,kvartiry,1,39.0,4,False,False,monthly,"Астана, Есильский р-н","39 м², Площадь кухни — 8 м²",False,2026-08-05T16:23:00+00:00,,2 из 9,,"не новый, но аккуратный и чистый ремонт",полностью,"решетки на окнах, домофон",нет,"кровать, обеденный стол, шкаф для одежды, кухонный гарнитур, рабочий стол","интернет, телевизор, стиральная машина, холодильник, микроволновая печь, посуда, сушилка, лифт",совмещен,1,"душевая кабина, ванна",во двор,1,"семейной паре, одному человеку",,,,,,,,,,,
https://krisha.kz/a/show/1014090514,"2-комнатная квартира · 75 м² · 7/11 этаж, Туркестан 8/2",300000,51.115614147479,71.428917122704,1014090514,arenda,kvartiry,2,75.0,12,False,False,monthly,"Астана, Есильский р-н",75 м²,False,2026-08-05T16:23:00+00:00,Олимп палас,7 из 11,,,полностью,,нет,,,,,,,,,Astana Trade International,,,,,,,,,,
https://krisha.kz/a/show/1014562557,"4-комнатная квартира · 120 м² · 12/12 этаж, Бөкейхана 52 — Оңғарсынова Ф",800000,51.084123818,71.425784755439,1014562557,arenda,kvartiry,4,120.0,18,False,False,monthly,"Астана, Есильский р-н","120 м², Площадь кухни — 18 м²",False,2026-08-05T16:23:00+00:00,AIQYN,12 из 12,,"свежий ремонт, новая мебель",полностью,,нет,"кровать, обеденный стол, шкаф для одежды, кухонный гарнитур, рабочий стол, диван","интернет, телевизор, стиральная машина, холодильник, посудомоечная машина, кондиционер, пылесос",,,,,,,,,,,,,,,,,
https://krisha.kz/a/show/1014551108,"1-комнатная квартира · 20 м², Иле 30/1 — Магнум",140000,51.146388,71.528022,1014551108,arenda,kvartiry,1,20.0,16,False,False,monthly,"Астана, Алматы р-н",20 м²,False,2026-08-05T16:23:00+00:00,,,да,"свежий ремонт, новая мебель",полностью,"решетки на окнах, домофон, видеонаблюдение",нет,"обеденный стол, шкаф для одежды, кухонный гарнитур, диван","стиральная машина, холодильник",совмещен,,душевая кабина,во двор,,одному человеку,,,,,,,,,,,
https://krisha.kz/a/show/1014512490,"1-комнатная квартира · 40 м² · 4/9 этаж, Максут Нарикбаев 10",180000,51.142377946235,71.387337076008,1014512490,arenda,kvartiry,1,40.0,5,False,False,monthly,"Астана, Нура р-н",40 м²,False,2026-08-05T16:23:00+00:00,Энергетик,4 из 9,,,полностью,,,,холодильник,,,,,,,СК Астанатрансстрой,,,,,,,,,,
https://krisha.kz/a/show/1014377356,"3-комнатная квартира · 65 м² · 7 этаж, Жубан Молдагалиев 5",450000,51.126433730996,71.363986730466,1014377356,arenda,kvartiry,3,65.0,10,False,False,monthly,"Астана, Нура р-н",65 м²,False,2026-08-05T16:23:00+00:00,Delta,7,да,"свежий ремонт, новая мебель",полностью,"домофон, видеонаблюдение, видеодомофон",нет,"кровать, обеденный стол, шкаф для одежды, кухонный гарнитур, диван","телевизор, стиральная машина, холодильник, микроволновая печь, кондиционер, сушилка, лифт",совмещен,1,ванна,во двор,1,"семейной паре, некурящим",SAT-NS,,,,,,,,,,
https://krisha.kz/a/show/1014292367,"4-комнатная квартира · 186 м², Ахмет Байтурсынулы 9",1880000,51.125799322386,71.466229725277,1014292367,arenda,kvartiry,4,186.0,24,False,False,monthly,"Астана, Сарайшык р-н",186 м²,False,2026-08-05T16:23:00+00:00,Хайвил Астана,,,,полностью,"охрана, домофон, кодовый замок, сигнализация, видеонаблюдение, видеодомофон, консьерж",нет,"кровать, обеденный стол, шкаф для одежды, кухонный гарнитур, рабочий стол, диван","интернет, телевизор, стиральная машина, холодильник, микроволновая печь, посудомоечная машина, кондиционер, сушилка, кладовая, лифт",разделен,2,"душевая кабина, ванна","во двор, на улицу",1,"семейной паре, некурящим, можно с животными, можно с детьми",Highvill,1,,,,,,,,,
https://krisha.kz/a/show/694531265,"1-комнатная квартира · 40 м² · 2/9 этаж, Кабанбай батыра 45/3 — Астана Арена,между Кабанбая и Туран",240000,51.110171,71.404845,694531265,arenda,kvartiry,1,40.0,7,False,False,monthly,"Астана, Нура р-н","40 м², Площадь кухни — 15 м²",False,2026-08-05T16:23:00+00:00,Inju Arena 2,2 из 9,,"свежий ремонт, новая мебель",,"охрана, домофон, видеонаблюдение",нет,"обеденный стол, шкаф для одежды, кухонный гарнитур, диван","интернет, телевизор, стиральная машина, холодильник, микроволновая печь, посуда, сушилка, лифт",совмещен,1,ванна,на улицу,,одному человеку,ТОО Invest Building Kz,1,,,,,,,,,
https://krisha.kz/a/show/1014080269,"4-комнатная квартира · 155 м² · 5/6 этаж, Умай ана 10",1100000,51.147290259413,71.388823882808,1014080269,arenda,kvartiry,4,155.0,21,False,False,monthly,"Астана, Есильский р-н","155 м², Площадь кухни — 18.6 м²",False,2026-08-05T16:23:00+00:00,KingHouse,5 из 6,,,полностью,"охрана, домофон, кодовый замок",нет,"кровать, обеденный стол, шкаф для одежды, кухонный гарнитур, диван","интернет, телевизор, стиральная машина, холодильник, микроволновая печь, посудомоечная машина, кондиционер, сушилка, лифт",разделен,2,"душевая кабина, ванна","во двор, на улицу",1,"семейной паре, можно с детьми",Club House Building,,,,,,,,,,
https://krisha.kz/a/show/1000680346,"1-комнатная квартира · 50 м² · 8/9 этаж, Женис 28",210000,51.173175013217,71.412351708859,1000680346,arenda,kvartiry,1,50.0,7,False,False,monthly,"Астана, Сарыарка р-н","50 м², Площадь кухни — 12 м²",False,2026-08-05T16:23:00+00:00,Победа,8 из 9,,"не новый, но аккуратный и чистый ремонт",полностью,"домофон, видеонаблюдение",нет,"кровать, обеденный стол, шкаф для одежды, кухонный гарнитур, диван","интернет, телевизор, стиральная машина, холодильник, сушилка, лифт",совмещен,1,ванна,во двор,,"семейной паре, одному человеку",Гражданстрой,1,,,,,,,,,
https://krisha.kz/a/show/1014562110,"1-комнатная квартира · 40 м² · 5/9 этаж, Аль-Фараби 30/3 — Улы Дала",200000,51.090265365922,71.449807622389,1014562110,arenda,kvartiry,1,40.0,6,False,False,monthly,"Астана, Есильский р-н",40 м²,False,2026-08-05T16:23:00+00:00,Nova City,5 из 9,,,,,нет,,,,,,,,,BI Group Юг,,,,,,,,,,
https://krisha.kz/a/show/1014562062,"2-комнатная квартира · 62 м² · 4/8 этаж, Кабанбай батыра 58Б корпус 4",380000,51.095416,71.408384,1014562062,arenda,kvartiry,2,62.0,56,False,False,monthly,"Астана, Есильский р-н",62 м²,False,2026-08-05T16:23:00+00:00,,4 из 8,,"свежий ремонт, новая мебель",полностью,"охрана, домофон, сигнализация, видеонаблюдение, видеодомофон",,"кровать, обеденный стол, шкаф для одежды, кухонный гарнитур, диван","интернет, телевизор, стиральная машина, холодильник, микроволновая печь, посудомоечная машина, пылесос, посуда, сушилка, лифт",совмещен,1,душевая кабина,"во двор, на улицу",1,"семейной паре, некурящим, одному человеку",,1,,,,,,,,,
https://krisha.kz/a/show/679252312,"2-комнатная квартира · 55 м² · 17/21 этаж, Бухар жырау 20Б",300000,51.10258214933,71.403450965881,679252312,arenda,kvartiry,2,55.0,8,False,False,monthly,"Астана, Есильский р-н","55 м², Площадь кухни — 10 м²",False,2026-08-05T16:23:00+00:00,Highvill Park 2,17 из 21,да,"свежий ремонт, новая мебель",полностью,"охрана, домофон, кодовый замок, сигнализация, видеонаблюдение, видеодомофон, консьерж",нет,"кровать, обеденный стол, шкаф для одежды, кухонный гарнитур, диван","интернет, телевизор, стиральная машина, холодильник, микроволновая печь, кондиционер, посуда, сушилка, лифт",совмещен,1,ванна,на улицу,,"семейной паре, некурящим, одному человеку, можно с животными, можно с детьми",Highvill,1,,,,,,,,,
https://krisha.kz/a/show/1014529167,"2-комнатная квартира · 38.8 м² · 1 этаж, Шамши Калдаяков 25а — Жумекен Нажимеденов",280000,51.11370661547,71.492662565661,1014529167,arenda,kvartiry,2,38.8,10,False,False,monthly,"Астана, Алматы р-н",38.8 м²,False,2026-08-05T16:23:00+00:00,DOMBYRA,1,да,"свежий ремонт, новая мебель",полностью,"домофон, видеонаблюдение",нет,"кровать, обеденный стол, шкаф для одежды, кухонный гарнитур, диван","телевизор, стиральная машина, холодильник, микроволновая печь, пылесос, посуда, сушилка, лифт",совмещен,1,ванна,во двор,,"семейной паре, некурящим, одному человеку, можно с детьми",SVOYDOM,1,,,,,,,,,
https://krisha.kz/a/show/1014561556,"2-комнатная квартира · 60 м² · 9/9 этаж, Туран",350000,51.114618736792,71.392084823034,1014561556,arenda,kvartiry,2,60.0,17,False,False,monthly,"Астана, Нура р-н",60 м²,False,2026-08-05T16:23:00+00:00,Sezim Qala. Orken,9 из 9,да,"свежий ремонт, новая мебель",полностью,"решетки на окнах, охрана, домофон, кодовый замок, видеонаблюдение",нет,"кровать, обеденный стол, шкаф для одежды, кухонный гарнитур, диван","интернет, телевизор, стиральная машина, холодильник, кондиционер, пылесос, посуда, сушилка, лифт",совмещен,1,ванна,на улицу,1,"семейной паре, некурящим, одному человеку, можно с детьми",BI Group Север,,,,,,,,,,
https://krisha.kz/a/show/1004028205,"2-комнатная квартира · 67 м² · 4/7 этаж, Шамши Калдаякова 4",550000,51.117086462704,71.462672313937,1004028205,arenda,kvartiry,2,67.0,28,False,False,monthly,"Астана, Алматы р-н",67 м²,False,2026-08-05T16:23:00+00:00,Итальянский квартал,4 из 7,,,полностью,"охрана, домофон, кодовый замок, видеонаблюдение, консьерж",нет,,"интернет, телевизор, стиральная машина, холодильник, микроволновая печь, посудомоечная машина, лифт",разделен,2,,во двор,,"семейной паре, некурящим, одному человеку",BAZIS–А,1,,,,,,,,,
https://krisha.kz/a/show/1014525847,"3-комнатная квартира · 75 м² · 6/10 этаж, К. Азербаева 4/1 — Жумабаева",300000,51.127325,71.502806,1014525847,arenda,kvartiry,3,75.0,11,False,False,monthly,"Астана, Алматы р-н","75 м², Площадь кухни — 10 м²",False,2026-08-05T16:23:00+00:00,,6 из 10,,,полностью,,,"кровать, обеденный стол, шкаф для одежды, кухонный гарнитур, рабочий стол, диван","телевизор, стиральная машина, холодильник, кондиционер, пылесос, посуда, сушилка",,2,ванна,"во двор, на улицу",1,"семейной паре, некурящим, можно с детьми",,,,,,,,,,,
https://krisha.kz/a/show/1014561406,"1-комнатная квартира · 50 м² · 4/17 этаж, Улы Дала 45 — Туркестан",250000,51.097649942252,71.422950049436,1014561406,arenda,kvartiry,1,50.0,8,False,False,monthly,"Астана, Есильский р-н","50 м², Площадь кухни — 15 м²",False,2026-08-05T16:23:00+00:00,Арман кала,4 из 17,,"не новый, но аккуратный и чистый ремонт",полностью,"охрана, домофон, кодовый замок, видеонаблюдение",нет,"кровать, обеденный стол, шкаф для одежды, кухонный гарнитур, диван","интернет, телевизор, стиральная машина, холодильник, микроволновая печь, пылесос, посуда, сушилка, лифт",совмещен,1,душевая кабина,во двор,нет,"семейной паре, некурящим",BI Group Юг,1,,,,,,,,,
https://krisha.kz/a/show/1004882830,"2-комнатная квартира · 70 м² · 9/12 этаж, Достык 13/1 — Мангилик ел",350000,51.126225425646,71.432702836128,1004882830,arenda,kvartiry,2,70.0,10,False,False,monthly,"Астана, Есильский р-н","70 м², Площадь кухни — 16 м²",False,2026-08-05T16:23:00+00:00,Нурсая Бонита,9 из 12,,"не новый, но аккуратный и чистый ремонт",полностью,"охрана, домофон, видеонаблюдение",нет,"кровать, обеденный стол, шкаф для одежды, кухонный гарнитур, рабочий стол, диван","стиральная машина, холодильник, микроволновая печь, кондиционер, пылесос, посуда, сушилка, кладовая, лифт",совмещен,1,ванна,на улицу,,"семейной паре, некурящим, одному человеку, можно с детьми",Бонита Инжиниринг,1,,,,,,,,,
https://krisha.kz/a/show/1014436137,"3-комнатная квартира · 90 м² · 14/14 этаж, Сарайшык 5е",380000,51.136858362315,71.421865854574,1014436137,arenda,kvartiry,3,90.0,15,False,False,monthly,"Астана, Есильский р-н","90 м², Площадь кухни — 14 м²",False,2026-08-05T16:23:00+00:00,Лазурный квартал,14 из 14,,"не новый, но аккуратный и чистый ремонт",полностью,"решетки на окнах, охрана, домофон, кодовый замок, видеонаблюдение",нет,"кровать, обеденный стол, шкаф для одежды, кухонный гарнитур, рабочий стол, диван","интернет, стиральная машина, холодильник, лифт",разделен,1,ванна,"во двор, на улицу",,,BI Group Юг,1,,,,,,,,,
https://krisha.kz/a/show/1012770940,"2-комнатная квартира · 52 м² · 4 этаж, Турар Рыскулов 9",350000,51.08497181287,71.419043540736,1012770940,arenda,kvartiry,2,52.0,9,False,False,monthly,"Астана, Есильский р-н",52 м²,False,2026-08-05T16:23:00+00:00,Nexpo Trend,4,да,"свежий ремонт, новая мебель",полностью,"охрана, домофон, кодовый замок, сигнализация, видеонаблюдение, видеодомофон, консьерж",нет,"кровать, обеденный стол, шкаф для одежды, кухонный гарнитур, диван","интернет, стиральная машина, холодильник, микроволновая печь, посудомоечная машина, кондиционер, пылесос, посуда, сушилка, лифт",совмещен,1,ванна,на улицу,,"семейной паре, одному человеку, можно с животными, можно с детьми",BI Group Север,,,,,,,,,,
https://krisha.kz/a/show/692512144,"3-комнатная квартира · 90 м² · 4/9 этаж, мкр Пригородный, Акмешит 9",800000,51.100876830954,71.416188179587,692512144,arenda,kvartiry,3,90.0,11,False,False,monthly,"Астана, Есильский р-н",90 м²,False,2026-08-05T16:23:00+00:00,Дом на Ботаническом,4 из 9,да,"свежий ремонт, новая мебель",полностью,"охрана, домофон, кодовый замок, сигнализация, видеонаблюдение, видеодомофон, консьерж",нет,"кровать, обеденный стол, шкаф для одежды, кухонный гарнитур, рабочий стол, диван","интернет, телевизор, стиральная машина, холодильник, микроволновая печь, посудомоечная машина, кондиционер, пылесос, посуда, сушилка, лифт",совмещен,2,"душевая кабина, ванна","во двор, на улицу",,"семейной паре, некурящим, одному человеку, можно с детьми",BI Group Юг,1,,,,,,,,,
https://krisha.kz/a/show/1014560608,"2-комнатная квартира · 55 м² · 7/10 этаж, Култегин",300000,51.136684847175,71.373825072151,1014560608,arenda,kvartiry,2,55.0,7,False,False,monthly,"Астана, Нура р-н",55 м²,False,2026-08-05T16:23:00+00:00,Mechta,7 из 10,да,"свежий ремонт, новая мебель",полностью,"решетки на окнах, охрана, домофон, кодовый замок, видеонаблюдение",нет,,,совмещен,,,,,,ТОО «Паркинг Системс Астана»,,,,,,,,,,
https://krisha.kz/a/show/760935951,"2-комнатная квартира · 60 м² · 6/12 этаж, Кошкарбаева 60",250000,51.132717,71.512409,760935951,arenda,kvartiry,2,60.0,1,False,False,monthly,"Астана, Алматы р-н",60 м²,False,2026-08-05T16:23:00+00:00,,6 из 12,,"свежий ремонт, новая мебель",полностью,"домофон, видеонаблюдение",нет,"кровать, обеденный стол, кухонный гарнитур, рабочий стол, диван","стиральная машина, холодильник",совмещен,1,ванна,во двор,1,семейной паре,,,,,,,,,,,
https://krisha.kz/a/show/1001947486,"2-комнатная квартира · 55 м² · 13/16 этаж, Достык 8/4",350000,51.12675759103,71.421359888606,1001947486,arenda,kvartiry,2,55.0,9,False,False,monthly,"Астана, Есильский р-н",55 м²,False,2026-08-05T16:23:00+00:00,Landmark,13 из 16,да,"свежий ремонт, новая мебель",полностью,"охрана, домофон, кодовый замок, сигнализация, видеонаблюдение, видеодомофон, консьерж",нет,"кровать, обеденный стол, шкаф для одежды, кухонный гарнитур, рабочий стол, диван","интернет, телевизор, стиральная машина, холодильник, микроволновая печь, посудомоечная машина, кондиционер, пылесос, посуда, сушилка, лифт",совмещен,1,душевая кабина,на улицу,,"семейной паре, некурящим, одному человеку, можно с детьми",BAZIS–А,,,,,,,,,,
https://krisha.kz/a/show/1009167195,"2-комнатная квартира · 70 м² · 4 этаж, Токпанова 8",500000,51.137601,71.459472,1009167195,arenda,kvartiry,2,70.0,14,False,False,monthly,"Астана, Алматы р-н",70 м²,False,2026-08-05T16:23:00+00:00,Sunset Avenue,4,да,"свежий ремонт, новая мебель",полностью,"охрана, домофон, кодовый замок, сигнализация, видеонаблюдение, видеодомофон, консьерж",нет,"кровать, обеденный стол, шкаф для одежды, кухонный гарнитур, рабочий стол, диван","интернет, телевизор, стиральная машина, холодильник, микроволновая печь, посудомоечная машина, кондиционер, пылесос, посуда, сушилка, лифт",совмещен,1,душевая кабина,на улицу,1,"семейной паре, некурящим, одному человеку, можно с животными, можно с детьми",,,,,,,,,,,
https://krisha.kz/a/show/695954224,"2-комнатная квартира · 60 м² · 5/10 этаж, мкр Пригородный, Рыскулова 5/4",350000,51.086421,71.411115,695954224,arenda,kvartiry,2,60.0,9,False,False,monthly,"Астана, Есильский р-н",60 м²,False,2026-08-05T16:23:00+00:00,,5 из 10,да,,полностью,"охрана, домофон, кодовый замок, сигнализация, видеонаблюдение, видеодомофон, консьерж",нет,"кровать, обеденный стол, шкаф для одежды, кухонный гарнитур, рабочий стол, диван","интернет, телевизор, стиральная машина, холодильник, микроволновая печь, посудомоечная машина, кондиционер, пылесос, посуда, сушилка, лифт",совмещен,1,ванна,на улицу,1,"семейной паре, некурящим, одному человеку, можно с животными",,,,,,,,,,,
https://krisha.kz/a/show/1008463370,"2-комнатная квартира · 55 м² · 11/12 этаж, Туран 39",400000,51.128945243225,71.402328014156,1008463370,arenda,kvartiry,2,55.0,11,False,False,monthly,"Астана, Нура р-н",55 м²,False,2026-08-05T16:23:00+00:00,Evolution,11 из 12,да,"свежий ремонт, новая мебель",полностью,"охрана, домофон, кодовый замок, сигнализация, видеонаблюдение, видеодомофон, консьерж",нет,"кровать, обеденный стол, шкаф для одежды, кухонный гарнитур, рабочий стол, диван","интернет, телевизор, стиральная машина, холодильник, микроволновая печь, посудомоечная машина, кондиционер, пылесос, посуда, сушилка, лифт",совмещен,1,ванна,"во двор, на улицу",1,"семейной паре, некурящим, одному человеку, можно с животными, можно с детьми",BAZIS–А,,,,,,,,,,
https://krisha.kz/a/show/761982645,"2-комнатная квартира · 109.35 м² · 2/4 этаж, мкр Шубар, Пр.Кабанбай Батыра 2/7 — Напротив парка Ата Тюрк",1300000,51.14997,71.428444,761982645,arenda,kvartiry,2,109.35,24,False,False,monthly,"Астана, Есильский р-н",109.35 м²,False,2026-08-05T16:23:00+00:00,Отырар по Аныракай,2 из 4,,"свежий ремонт, новая мебель",полностью,"охрана, домофон, видеонаблюдение, видеодомофон, консьерж",нет,,"интернет, телевизор, стиральная машина, холодильник, микроволновая печь, посудомоечная машина, кондиционер, пылесос, посуда, сушилка, лифт",совмещен,2,"душевая кабина, ванна","во двор, на улицу",нет,"семейной паре, одному человеку",,нет,,,,,,,,,
https://krisha.kz/a/show/1012571981,"2-комнатная квартира · 72 м² · 22/25 этаж, Богенбай батыра",300000,51.174638537917,71.405764203519,1012571981,arenda,kvartiry,2,72.0,9,False,False,monthly,"Астана, Сарыарка р-н","72 м², Площадь кухни — 12 м²",False,2026-08-05T16:23:00+00:00,Свечки,22 из 25,,"свежий ремонт, новая мебель",полностью,домофон,нет,"кровать, обеденный стол, шкаф для одежды, кухонный гарнитур, рабочий стол, диван","интернет, телевизор, стиральная машина, холодильник, микроволновая печь, посуда, лифт",,2,ванна,на улицу,1,"семейной паре, некурящим, одному человеку, можно с детьми",ЖСК Алматы,,,,,,,,,,
https://krisha.kz/a/show/1014559786,"2-комнатная квартира · 40.3 м² · 3/20 этаж, Роза Багланова 12/5",350000,51.111852834949,71.391207174335,1014559786,arenda,kvartiry,2,40.3,9,False,False,monthly,"Астана, Нура р-н",40.3 м²,False,2026-08-05T16:23:00+00:00,Sezim Qala.Baqyt Towers,3 из 20,,"свежий ремонт, новая мебель",полностью,"охрана, домофон, кодовый замок, видеонаблюдение, видеодомофон",,"кровать, обеденный стол, шкаф для одежды, кухонный гарнитур, рабочий стол, диван","интернет, телевизор, стиральная машина, холодильник, микроволновая печь, кондиционер, пылесос, посуда, сушилка, лифт",совмещен,1,ванна,во двор,нет,"семейной паре, некурящим, одному человеку",BI Group Юг,нет,,,,,,,,,
https://krisha.kz/a/show/688799244,"1-комнатная квартира · 44 м² · 5/5 этаж, Каратал — Аинаколь Кордаи",140000,51.135476,71.508412,688799244,arenda,kvartiry,1,44.0,4,False,False,monthly,"Астана, Алматы р-н",44 м²,False,2026-08-05T16:23:00+00:00,,5 из 5,,,без мебели,"кодовый замок, видеонаблюдение",нет,,,,1,ванна,"во двор, на улицу",нет,"семейной паре, некурящим, одному человеку",,нет,,,,,,,,,
https://krisha.kz/a/show/1014258568,"3-комнатная квартира · 75 м² · 8/12 этаж, Туркестан 4Б",490000,51.117651398604,71.429340438989,1014258568,arenda,kvartiry,3,75.0,27,False,False,monthly,"Астана, Есильский р-н",75 м²,False,2026-08-05T16:23:00+00:00,Asyl Tau,8 из 12,да,"свежий ремонт, новая мебель",полностью,"охрана, домофон, кодовый замок, видеонаблюдение, видеодомофон",нет,"кровать, обеденный стол, шкаф для одежды, кухонный гарнитур, рабочий стол, диван","интернет, телевизор, стиральная машина, холодильник, микроволновая печь, кондиционер, пылесос, посуда, сушилка, кладовая, лифт",разделен,2,ванна,"во двор, на улицу",,"семейной паре, некурящим, одному человеку, можно с детьми",NAK,2,,,,,,,,,
https://krisha.kz/a/show/1014374763,"2-комнатная квартира · 67 м² · 7/22 этаж, Е-36, 24",380000,51.119744,71.381902,1014374763,arenda,kvartiry,2,67.0,6,False,False,monthly,"Астана, Нура р-н",67 м²,False,2026-08-05T16:23:00+00:00,Respublika,7 из 22,,"свежий ремонт, новая мебель",полностью,"домофон, кодовый замок, видеонаблюдение",нет,"кровать, обеденный стол, шкаф для одежды, кухонный гарнитур, диван","телевизор, стиральная машина, холодильник, посудомоечная машина, пылесос, посуда, кладовая, лифт",совмещен,1,ванна,во двор,нет,"семейной паре, некурящим, одному человеку",SAT-NS,нет,,,,,,,,,
https://krisha.kz/a/show/693549574,"2-комнатная квартира · 90 м² · 3 этаж, Достык 13",350000,51.12688202328,71.432424780382,693549574,arenda,kvartiry,2,90.0,6,False,False,monthly,"Астана, Есильский р-н",90 м²,False,2026-08-05T16:23:00+00:00,Нурсая,3,,,полностью,"домофон, видеонаблюдение",нет,"кровать, обеденный стол, шкаф для одежды, кухонный гарнитур, рабочий стол, диван","интернет, телевизор, стиральная машина, холодильник, микроволновая печь, кондиционер, пылесос, сушилка, лифт",совмещен,1,ванна,"во двор, на улицу",1,семейной паре,ТОО СК Элитстрой,1,,,,,,,,,
https://krisha.kz/a/show/684634937,"2-комнатная квартира · 75 м² · 8/9 этаж, Петрова 16/1",270000,51.148021,71.467062,684634937,arenda,kvartiry,2,75.0,15,False,False,monthly,"Астана, Алматы р-н","75 м², Площадь кухни — 12 м²",False,2026-08-05T16:23:00+00:00,,8 из 9,,"не новый, но аккуратный и чистый ремонт",полностью,"домофон, видеонаблюдение",нет,"кровать, обеденный стол, шкаф для одежды, кухонный гарнитур, рабочий стол, диван","интернет, телевизор, стиральная машина, холодильник, микроволновая печь, кондиционер, пылесос, посуда, сушилка, кладовая, лифт",разделен,1,ванна,на улицу,1,"семейной паре, некурящим, можно с детьми",,,,,,,,,,,
https://krisha.kz/a/show/1012951068,"2-комнатная квартира · 40 м² · 3/9 этаж, Сафуан Шаймерденова 2 — Возле ЛРТ и Нурлы Жол",230000,51.115934565281,71.538486818878,1012951068,arenda,kvartiry,2,40.0,13,False,False,monthly,"Астана, Сарайшык р-н",40 м²,False,2026-08-05T16:23:00+00:00,Q Way,3 из 9,,"свежий ремонт, новая мебель",полностью,"решетки на окнах, домофон, видеонаблюдение",нет,"кровать, обеденный стол, шкаф для одежды, кухонный гарнитур, диван","стиральная машина, холодильник, кондиционер, посуда, лифт",совмещен,1,ванна,на улицу,1,"семейной паре, некурящим, одному человеку",Qamqor Qurylys,нет,,,,,,,,,
https://krisha.kz/a/show/1014538158,"2-комнатная квартира · 63 м² · 7/12 этаж, Туркестан 20",260000,51.103481,71.424132,1014538158,arenda,kvartiry,2,63.0,6,False,False,monthly,"Астана, Есильский р-н",63 м²,False,2026-08-05T16:23:00+00:00,Park Avenue,7 из 12,,"не новый, но аккуратный и чистый ремонт",полностью,,нет,"кровать, обеденный стол, шкаф для одежды, кухонный гарнитур, диван","интернет, телевизор, стиральная машина, холодильник, микроволновая печь",совмещен,1,,во двор,1,"семейной паре, одному человеку, можно с детьми",BI Group Юг,,,,,,,,,,
https://krisha.kz/a/show/1013001037,"4-комнатная квартира · 135 м² · 6/6 этаж, Кабанбай батыра 60/18",1100000,51.090648007237,71.408188579949,1013001037,arenda,kvartiry,4,135.0,23,False,False,monthly,"Астана, Есильский р-н","135 м², Площадь кухни — 25 м²",False,2026-08-05T16:23:00+00:00,Expo Residence,6 из 6,,"свежий ремонт, новая мебель",полностью,"охрана, домофон, сигнализация, видеонаблюдение, видеодомофон",нет,"кровать, обеденный стол, шкаф для одежды, кухонный гарнитур, рабочий стол, диван","интернет, телевизор, стиральная машина, холодильник, микроволновая печь, посудомоечная машина, пылесос, сушилка","разделен, совмещен",2,"душевая кабина, ванна","во двор, на улицу",2,"семейной паре, некурящим, можно с детьми",BI Group Юг,1,,,,,,,,,
https://krisha.kz/a/show/1012686172,"1-комнатная квартира · 40 м² · 4/12 этаж, Е 882 — Кумисбекова/Косшыгулулы",200000,51.16516,71.388595,1012686172,arenda,kvartiry,1,40.0,2,False,False,monthly,"Астана, Алматы р-н",40 м²,False,2026-08-05T16:23:00+00:00,,4 из 12,,"свежий ремонт, новая мебель",полностью,,,,,,,,,,,,,,,,,,,,,
https://krisha.kz/a/show/1014558295,"1-комнатная квартира · 42 м² · 7/10 этаж, Улы Дала 33",270000,51.101004509663,71.40182605911,1014558295,arenda,kvartiry,1,42.0,8,False,False,monthly,"Астана, Нура р-н","42 м², Площадь кухни — 12 м²",False,2026-08-05T16:23:00+00:00,Alpamys,7 из 10,,"свежий ремонт, новая мебель",полностью,"охрана, домофон, кодовый замок, видеонаблюдение",нет,"обеденный стол, шкаф для одежды, кухонный гарнитур, диван","интернет, телевизор, стиральная машина, холодильник, микроволновая печь, лифт",совмещен,1,ванна,на улицу,,,ТОО Mercury Planet,1,,,,,,,,,
https://krisha.kz/a/show/1014222807,"2-комнатная квартира · 50 м² · 11/12 этаж, Туран 55к — Барыс арена",280000,51.11439,71.39376,1014222807,arenda,kvartiry,2,50.0,13,False,False,monthly,"Астана, Нура р-н",50 м²,False,2026-08-05T16:23:00+00:00,,11 из 12,,,,видеодомофон,,"кровать, обеденный стол, шкаф для одежды, кухонный гарнитур, рабочий стол, диван","интернет, телевизор, стиральная машина, холодильник, микроволновая печь, посуда, сушилка, лифт",,1,ванна,"во двор, на улицу",,"семейной паре, некурящим, одному человеку",,1,,,,,,,,,
https://krisha.kz/a/show/1014502612,"3-комнатная квартира · 138 м² · 14/20 этаж, Гейдар Алиева 2",1700000,51.09997658339,71.428889732153,1014502612,arenda,kvartiry,3,138.0,18,False,False,monthly,"Астана, Есильский р-н","138 м², жилая — 114 м², Площадь кухни — 21 м²",False,2026-08-05T16:23:00+00:00,Ботанический,14 из 20,,"свежий ремонт, новая мебель",полностью,,нет,,,разделен,3,"душевая кабина, ванна","во двор, на улицу",,"семейной паре, некурящим, одному человеку",BI Group Юг,,,,,,,,,,
https://krisha.kz/a/show/1014500021,"1-комнатная квартира · 42 м² · 2/14 этаж, Санжара Асфендиярова 10",250000,51.131985766158,71.375907137408,1014500021,arenda,kvartiry,1,42.0,14,False,False,monthly,"Астана, Нура р-н","42 м², Площадь кухни — 11 м²",False,2026-08-05T16:23:00+00:00,Sat City,2 из 14,,"свежий ремонт, новая мебель",полностью,"домофон, видеонаблюдение",нет,"кровать, обеденный стол, шкаф для одежды, кухонный гарнитур","стиральная машина, холодильник, микроволновая печь, пылесос, посуда, сушилка, лифт",совмещен,1,душевая кабина,на улицу,1,"семейной паре, некурящим, одному человеку, можно с детьми",SAT-NS,,,,,,,,,,
https://krisha.kz/a/show/1014060925,"2-комнатная квартира · 60 м², Мангилик Ел 38 стр",400000,51.104709288056,71.431195735931,1014060925,arenda,kvartiry,2,60.0,8,False,False,monthly,"Астана, Есильский р-н","60 м², Площадь кухни — 12 м²",False,2026-08-05T16:23:00+00:00,Triumph Avenue,,,"не новый, но аккуратный и чистый ремонт",полностью,"охрана, кодовый замок",нет,"кровать, обеденный стол, шкаф для одежды, кухонный гарнитур, рабочий стол, диван","интернет, стиральная машина, холодильник, микроволновая печь, посудомоечная машина, кондиционер, пылесос, сушилка, кладовая, лифт",совмещен,1,ванна,во двор,,"семейной паре, одному человеку",NAK,1,,,,,,,,,
https://krisha.kz/a/show/1014088327,"1-комнатная квартира · 40 м² · 1/9 этаж, Е251 4",200000,51.143940738452,71.37508425244,1014088327,arenda,kvartiry,1,40.0,14,False,False,monthly,"Астана, Нура р-н",40 м²,False,2026-08-05T16:23:00+00:00,Керемет,1 из 9,,,полностью,видеонаблюдение,нет,"обеденный стол, шкаф для одежды, кухонный гарнитур, рабочий стол, диван","интернет, стиральная машина, холодильник, пылесос, посуда, сушилка, лифт",совмещен,1,душевая кабина,во двор,1,"семейной паре, одному человеку, можно с детьми",ПСК Клен,1,,,,,,,,,
https://krisha.kz/a/show/1013535301,"2-комнатная квартира · 76 м² · 5/21 этаж, Кабанбай батыра 43В",350000,51.113063633858,71.406240463257,1013535301,arenda,kvartiry,2,76.0,14,False,False,monthly,"Астана, Есильский р-н",76 м²,False,2026-08-05T16:23:00+00:00,Highvill Park,5 из 21,да,"свежий ремонт, новая мебель",полностью,"охрана, домофон, кодовый замок, видеонаблюдение, видеодомофон",нет,"кровать, обеденный стол, шкаф для одежды, кухонный гарнитур, диван","интернет, телевизор, стиральная машина, холодильник, микроволновая печь, кондиционер, пылесос, посуда, сушилка, кладовая, лифт",совмещен,1,ванна,на улицу,,"семейной паре, некурящим, одному человеку",Highvill,1,,,,,,,,,
https://krisha.kz/a/show/1007982752,"3-комнатная квартира · 82 м² · 5/9 этаж, мкр Комсомольский, Мангилик Ел 26А",460000,51.113314176478,71.436366562396,1007982752,arenda,kvartiry,3,82.0,7,False,False,monthly,"Астана, Есильский р-н","82 м², Площадь кухни — 12 м²",False,2026-08-05T16:23:00+00:00,Авиценна-2,5 из 9,,"свежий ремонт, новая мебель",полностью,"домофон, видеонаблюдение",нет,"кровать, обеденный стол, шкаф для одежды, кухонный гарнитур, диван","телевизор, стиральная машина, холодильник, посудомоечная машина, кондиционер, лифт",совмещен,2,ванна,"во двор, на улицу",2,,Стройинвест-СК ТОО,,,,,,,,,,
https://krisha.kz/a/show/1013953762,"2-комнатная квартира · 50 м² · 1/2 этаж, Карауыл — Алии Молдагуловой",200000,51.185109697309,71.397519021617,1013953762,arenda,kvartiry,2,50.0,6,False,False,monthly,"Астана, Сарыарка р-н",50 м²,False,2026-08-05T16:23:00+00:00,,1 из 2,,,частично,"охрана, кодовый замок, сигнализация, видеонаблюдение",да,"обеденный стол, шкаф для одежды, кухонный гарнитур, диван","стиральная машина, холодильник",,1,душевая кабина,во двор,нет,"семейной паре, некурящим",,нет,,,,,,,,,
https://krisha.kz/a/show/1013060507,"3-комнатная квартира · 70 м² · 2/10 этаж, Е429 6 — Айтматова",300000,51.143489,71.359139,1013060507,arenda,kvartiry,3,70.0,19,False,False,monthly,"Астана, Нура р-н","70 м², Площадь кухни — 20 м²",False,2026-08-05T16:23:00+00:00,SHYNGYS,2 из 10,да,"свежий ремонт, новая мебель",полностью,"кодовый замок, видеонаблюдение",нет,"кровать, обеденный стол, шкаф для одежды, кухонный гарнитур, рабочий стол, диван","телевизор, стиральная машина, холодильник, сушилка, лифт",совмещен,1,ванна,"во двор, на улицу",,"семейной паре, некурящим, одному человеку",BASTAU BUILD GROUP,1,,,,,,,,,
https://krisha.kz/a/show/1014490662,"3-комнатная квартира · 104 м² · 8/9 этаж, Иманбаева 8",380000,51.162436043717,71.436559353512,1014490662,arenda,kvartiry,3,104.0,17,False,False,monthly,"Астана, р-н Байконур",104 м²,False,2026-08-05T16:23:00+00:00,,8 из 9,,,полностью,,нет,,,,2,,,,,,,,,,,,,,,
https://krisha.kz/a/show/1011501384,"4-комнатная квартира · 88 м² · 1/9 этаж, Култегин 4",600000,51.128143436751,71.371700763593,1011501384,arenda,kvartiry,4,88.0,12,False,False,monthly,"Астана, Нура р-н","88 м², Площадь кухни — 10 м²",False,2026-08-05T16:23:00+00:00,Green Town,1 из 9,да,"свежий ремонт, новая мебель",частично,домофон,нет,"кровать, обеденный стол, шкаф для одежды, кухонный гарнитур, рабочий стол, диван","интернет, телевизор, стиральная машина, холодильник, микроволновая печь, посудомоечная машина",,,,,,,Favorite Group,,,,,,,,,,
https://krisha.kz/a/show/1014557498,"1-комнатная квартира · 52 м² · 9/10 этаж, Кабанбай батыр 5/1",200000,51.144626723377,71.416520699859,1014557498,arenda,kvartiry,1,52.0,6,False,False,monthly,"Астана, Нура р-н",52 м²,False,2026-08-05T16:23:00+00:00,Радуга,9 из 10,,"свежий ремонт, новая мебель",полностью,"решетки на окнах, охрана, домофон, видеонаблюдение",нет,"кровать, обеденный стол, шкаф для одежды, кухонный гарнитур, диван","интернет, телевизор, холодильник, микроволновая печь, кондиционер, пылесос, посуда, сушилка, лифт",совмещен,1,ванна,на улицу,1,"семейной паре, некурящим, одному человеку, можно с детьми",Астана Недвижимость,нет,,,,,,,,,
https://krisha.kz/a/show/679112814,"4-комнатная квартира · 120 м² · 9/12 этаж, Сарайшык 34 — Акмешит",650000,51.132780452304,71.427903994918,679112814,arenda,kvartiry,4,120.0,12,False,False,monthly,"Астана, Есильский р-н","120 м², Площадь кухни — 12.1 м²",False,2026-08-05T16:23:00+00:00,Дипломат,9 из 12,да,"не новый, но аккуратный и чистый ремонт",полностью,"домофон, кодовый замок",нет,,,,2,ванна,"во двор, на улицу",1,можно с детьми,Инвестиционная строительная компания ASI,,,,,,,,,,
https://krisha.kz/a/show/1014106906,"4-комнатная квартира · 200 м² · 5/8 этаж, Кабанбай Батыра",1499999,51.138414228068,71.41394019116,1014106906,arenda,kvartiry,4,200.0,30,False,False,monthly,"Астана, Есильский р-н","200 м², Площадь кухни — 20 м²",False,2026-08-05T16:23:00+00:00,Триумфальный,5 из 8,,,полностью,,нет,,,,3,,,,,BAZIS–А,,,,,,,,,,
https://krisha.kz/a/show/1014556684,"2-комнатная квартира · 52 м² · 8/14 этаж, проспект Туран 54 — Бухар Жырау",250000,51.103708,71.397084,1014556684,arenda,kvartiry,2,52.0,10,False,False,monthly,Астана,"52 м², Площадь кухни — 12 м²",False,2026-08-05T16:23:00+00:00,,8 из 14,,"не новый, но аккуратный и чистый ремонт",полностью,,нет,,интернет,,,,,,,,,,,,,,,,,
https://krisha.kz/a/show/1008684895,"2-комнатная квартира · 48 м² · 23/23 этаж, Сыгынак — Угол Кабанбай батыра",499999,51.124159,71.415616,1008684895,arenda,kvartiry,2,48.0,12,False,False,monthly,"Астана, Есильский р-н",48 м²,False,2026-08-05T16:23:00+00:00,Поколение Бизнес,23 из 23,да,"свежий ремонт, новая мебель",полностью,"охрана, домофон, кодовый замок, видеонаблюдение, видеодомофон",нет,"кровать, обеденный стол, шкаф для одежды, кухонный гарнитур, рабочий стол, диван","интернет, стиральная машина, холодильник, микроволновая печь, посудомоечная машина, кондиционер, посуда, сушилка, кладовая, лифт",совмещен,1,душевая кабина,"во двор, на улицу",нет,"семейной паре, некурящим, одному человеку",,нет,,,,,,,,,
https://krisha.kz/a/show/693863298,"2-комнатная квартира · 43 м² · 7/13 этаж, Мангилик Ел — Триумфальной арки",260000,51.101325366301,71.42994835725,693863298,arenda,kvartiry,2,43.0,3,False,False,monthly,"Астана, Есильский р-н",43 м²,False,2026-08-05T16:23:00+00:00,Коркем 4,7 из 13,,,полностью,"охрана, домофон, видеонаблюдение",нет,"кровать, обеденный стол, шкаф для одежды, кухонный гарнитур, рабочий стол, диван","интернет, телевизор, стиральная машина, холодильник, микроволновая печь, пылесос, посуда, сушилка, лифт",совмещен,1,ванна,"во двор, на улицу",нет,"семейной паре, некурящим",AIBYN Group,1,,,,,,,,,
https://krisha.kz/a/show/761602530,"2-комнатная квартира · 47.2 м² · 4/24 этаж, Нажимеденова 4 — Школа-лицей 98, Президентский парк",330000,51.120199108238,71.459395349496,761602530,arenda,kvartiry,2,47.2,21,False,False,monthly,"Астана, Алматы р-н","47.2 м², Площадь кухни — 6.1 м²",False,2026-08-05T16:23:00+00:00,Highvill Ishim,4 из 24,да,"не новый, но аккуратный и чистый ремонт",полностью,"охрана, домофон, кодовый замок, видеодомофон",нет,"кровать, обеденный стол, шкаф для одежды, кухонный гарнитур, диван","телевизор, стиральная машина, холодильник, микроволновая печь, кондиционер, пылесос, сушилка, лифт",совмещен,1,ванна,"во двор, на улицу",,"семейной паре, некурящим, одному человеку",Highvill,1,,,,,,,,,
https://krisha.kz/a/show/670808671,"4-комнатная квартира · 140 м² · 2/5 этаж, мкр Комсомольский, Жубан ана 5",750000,51.144560396688,71.401385664939,670808671,arenda,kvartiry,4,140.0,25,False,False,monthly,"Астана, Есильский р-н",140 м²,False,2026-08-05T16:23:00+00:00,Асем Кала,2 из 5,,"не новый, но аккуратный и чистый ремонт",полностью,,нет,,,2 с/у и более,2,,,несколько балконов или лоджий,,Асем Кала,,монолитный,2009,да,металлическая,отдельный,оптика,паркинг,ламинат,3 м
https://krisha.kz/a/show/1014499524,"3-комнатная квартира · 74 м² · 5/9 этаж, Алихан Бокейхан 16/3, 16/2 — Орынбор",450000,51.104731971534,71.43350014641,1014499524,arenda,kvartiry,3,74.0,33,False,False,monthly,"Астана, Есильский р-н",74 м²,False,2026-08-05T16:23:00+00:00,Asylym Park 1,5 из 9,да,"не новый, но аккуратный и чистый ремонт",полностью,"кодовый замок, видеонаблюдение",нет,"кровать, обеденный стол, шкаф для одежды, кухонный гарнитур, диван","интернет, стиральная машина, холодильник, пылесос, сушилка, лифт",разделен,2,ванна,"во двор, на улицу",,"семейной паре, одному человеку, можно с детьми",NAK,1,,,,,,,,,
https://krisha.kz/a/show/1013841347,"1-комнатная квартира · 16 м², Торайгырова 3 — улица Сакена Сейфуллина",85000,51.172993,71.427842,1013841347,arenda,kvartiry,1,16.0,1,False,False,monthly,Астана,16 м²,False,2026-08-05T16:23:00+00:00,Фирдаус,,,,полностью,,нет,,,,,,,,,Beles,,,,,,,,,,
https://krisha.kz/a/show/1014551634,"1-комнатная квартира · 20 м² · 2/5 этаж, Отырар 7",100000,51.168521,71.434975,1014551634,arenda,kvartiry,1,20.0,3,False,False,monthly,"Астана, р-н Байконур","20 м², Площадь кухни — 9 м²",False,2026-08-05T16:23:00+00:00,,2 из 5,,,полностью,"домофон, видеонаблюдение",,"кровать, обеденный стол, шкаф для одежды, кухонный гарнитур, диван","телевизор, стиральная машина, холодильник, микроволновая печь, кондиционер, пылесос, посуда, сушилка",разделен,1,ванна,во двор,1,"семейной паре, некурящим",,нет,,,,,,,,,
https://krisha.kz/a/show/1012253689,"2-комнатная квартира · 40.5 м² · 10/20 этаж, ул. Толе Би 30",290000,51.112048540238,71.391259405509,1012253689,arenda,kvartiry,2,40.5,16,False,False,monthly,"Астана, Нура р-н",40.5 м²,False,2026-08-05T16:23:00+00:00,,10 из 20,да,,полностью,,,,"интернет, кондиционер",совмещен,1,душевая кабина,во двор,,,,1,,,,,,,,,
https://krisha.kz/a/show/1014105456,"5-комнатная квартира · 215 м² · 5/13 этаж, Ракымжан Кошкарбаев 28",1000000,51.125681836775,71.479142088869,1014105456,arenda,kvartiry,5,215.0,18,False,False,monthly,"Астана, Сарайшык р-н","215 м², Площадь кухни — 30 м²",False,2026-08-05T16:23:00+00:00,Сказочный мир,5 из 13,,"свежий ремонт, новая мебель",полностью,"охрана, домофон, кодовый замок, сигнализация, видеонаблюдение, видеодомофон",нет,"кровать, обеденный стол, шкаф для одежды, кухонный гарнитур, рабочий стол, диван","интернет, телевизор, стиральная машина, холодильник, микроволновая печь, посудомоечная машина, пылесос, сушилка, кладовая, лифт",разделен,2,ванна,"во двор, на улицу",2,"семейной паре, некурящим, можно с детьми",Шар-Құрылыс,2,,,,,,,,,
https://krisha.kz/a/show/690300458,"3-комнатная квартира · 84 м² · 5 этаж, Улы-Дала 41/3",750000,51.098426269734,71.416840793745,690300458,arenda,kvartiry,3,84.0,18,False,False,monthly,Астана,84 м²,False,2026-08-05T16:23:00+00:00,Panorama Park,5,да,"свежий ремонт, новая мебель",полностью,"охрана, домофон, кодовый замок, сигнализация, видеонаблюдение, видеодомофон",нет,"кровать, обеденный стол, шкаф для одежды, кухонный гарнитур, рабочий стол, диван","интернет, телевизор, стиральная машина, холодильник, микроволновая печь, посудомоечная машина, кондиционер, пылесос, посуда, сушилка, кладовая, лифт",разделен,2,ванна,на улицу,,"семейной паре, некурящим, одному человеку",BI Group Юг,1,,,,,,,,,
https://krisha.kz/a/show/692702412,"1-комнатная квартира · 44 м² · 8/9 этаж, Анет баба 2 — Зелёный квартал",270000,51.131817002712,71.385611182185,692702412,arenda,kvartiry,1,44.0,8,False,False,monthly,"Астана, Есильский р-н",44 м²,False,2026-08-05T16:23:00+00:00,Canada,8 из 9,,"свежий ремонт, новая мебель",полностью,"охрана, домофон, видеонаблюдение",нет,"кровать, обеденный стол, шкаф для одежды, кухонный гарнитур, диван","интернет, телевизор, стиральная машина, холодильник, микроволновая печь, кондиционер, пылесос, посуда, сушилка, лифт",совмещен,1,ванна,на улицу,,"семейной паре, некурящим, одному человеку",ПСК Клен,1,,,,,,,,,
https://krisha.kz/a/show/1014436476,"3-комнатная квартира · 100 м² · 3/9 этаж, Айтматова 40/1 — Мухамедханова",450000,51.142212581869,71.368182966301,1014436476,arenda,kvartiry,3,100.0,14,False,False,monthly,"Астана, Нура р-н","100 м², Площадь кухни — 18 м²",False,2026-08-05T16:23:00+00:00,Brussels,3 из 9,,"свежий ремонт, новая мебель",полностью,"решетки на окнах, домофон",нет,"кровать, обеденный стол, шкаф для одежды, кухонный гарнитур, рабочий стол, диван","интернет, телевизор, стиральная машина, холодильник, микроволновая печь, пылесос, посуда, сушилка, лифт",разделен,2,"душевая кабина, ванна","во двор, на улицу",,"семейной паре, некурящим",G-Park,,,,,,,,,,
https://krisha.kz/a/show/1009784028,"1-комнатная квартира · 45 м² · 8/22 этаж, Мангилик Ел 54",220000,51.090736163647,71.426153062462,1009784028,arenda,kvartiry,1,45.0,23,False,False,monthly,Астана,45 м²,False,2026-08-05T16:23:00+00:00,Orynbor Towers,8 из 22,,"не новый, но аккуратный и чистый ремонт",,"охрана, домофон, видеонаблюдение, видеодомофон",нет,"обеденный стол, шкаф для одежды, кухонный гарнитур, диван","интернет, телевизор, стиральная машина, холодильник, микроволновая печь, лифт",совмещен,1,ванна,на улицу,1,"семейной паре, некурящим, одному человеку",BI Group Юг,нет,,,,,,,,,
https://krisha.kz/a/show/1014555179,"2-комнатная квартира · 58 м², Е900 10",350000,51.137211,71.395628,1014555179,arenda,kvartiry,2,58.0,8,False,False,monthly,"Астана, Нура р-н",58 м²,False,2026-08-05T16:23:00+00:00,,12,,,,"домофон, кодовый замок, сигнализация, видеонаблюдение",нет,"кровать, обеденный стол, шкаф для одежды, кухонный гарнитур, рабочий стол, диван","телевизор, стиральная машина, холодильник, микроволновая печь, посудомоечная машина, кондиционер, пылесос, сушилка, лифт",совмещен,1,ванна,на улицу,,"семейной паре, некурящим, можно с детьми",,1,,,,,,,,,
https://krisha.kz/a/show/1014185130,"1-комнатная квартира · 43 м² · 3/9 этаж, Е 810 2/21 — Улы Дала",200000,51.099971724621,71.508329518857,1014185130,arenda,kvartiry,1,43.0,8,False,False,monthly,Астана,"43 м², Площадь кухни — 12 м²",False,2026-08-05T16:23:00+00:00,,3 из 9,,"свежий ремонт, новая мебель",полностью,,нет,,,,,,,,,,,,,,,,,,,
https://krisha.kz/a/show/1014057685,"3-комнатная квартира · 110 м² · 5/16 этаж, Мангилик Ел 37/1 — Бухар Жырау",600000,51.103566,71.426773,1014057685,arenda,kvartiry,3,110.0,25,False,False,monthly,Астана,"110 м², Площадь кухни — 12.2 м²",False,2026-08-05T16:23:00+00:00,,5 из 16,,"свежий ремонт, новая мебель",полностью,,нет,,,,,,,,,,,,,,,,,,,
https://krisha.kz/a/show/1013614173,"1-комнатная квартира · 50 м², Улы Дала 41В — улица Акмешит",200000,51.097599,71.416424,1013614173,arenda,kvartiry,1,50.0,12,False,False,monthly,Астана,50 м²,False,2026-08-05T16:23:00+00:00,,,,,полностью,,нет,,,,,,,,,,,,,,,,,,,
https://krisha.kz/a/show/1011835851,"1-комнатная квартира · 40 м² · 6/9 этаж, Анет баба",250000,51.13742,71.383573,1011835851,arenda,kvartiry,1,40.0,11,False,False,monthly,"Астана, Нура р-н",40 м²,False,2026-08-05T16:23:00+00:00,ONER,6 из 9,,,полностью,"домофон, кодовый замок, видеонаблюдение, видеодомофон",нет,"кровать, обеденный стол, шкаф для одежды, кухонный гарнитур, диван","интернет, телевизор, стиральная машина, холодильник, микроволновая печь, кондиционер, пылесос, посуда, сушилка, лифт",совмещен,1,ванна,во двор,,"семейной паре, некурящим, одному человеку","Группа компаний ""Биком""",1,,,,,,,,,
https://krisha.kz/a/show/1012414168,"3-комнатная квартира · 96 м² · 3/14 этаж, Мангилик Ел 47",500000,51.096549842613,71.424636191901,1012414168,arenda,kvartiry,3,96.0,11,False,False,monthly,"Астана, Есильский р-н",96 м²,False,2026-08-05T16:23:00+00:00,Dream City,3 из 14,да,,полностью,,нет,,,,2,,,,,BI Group Юг,1,,,,,,,,,
https://krisha.kz/a/show/687401750,"3-комнатная квартира · 125 м² · 3/9 этаж, Ивана Панфилова 5/2 — Президентский парк",650000,51.115190584666,71.454989457772,687401750,arenda,kvartiry,3,125.0,19,False,False,monthly,"Астана, Алматы р-н",125 м²,False,2026-08-05T16:23:00+00:00,Английский квартал,3 из 9,,,полностью,"решетки на окнах, охрана, домофон, сигнализация, видеонаблюдение, видеодомофон",нет,"кровать, обеденный стол, шкаф для одежды, кухонный гарнитур, диван","интернет, телевизор, стиральная машина, холодильник, микроволновая печь, посудомоечная машина, кондиционер, пылесос, посуда, сушилка, кладовая, лифт",,2,"душевая кабина, ванна","во двор, на улицу",1,,BAZIS–А,нет,,,,,,,,,
https://krisha.kz/a/show/1014554923,"2-комнатная квартира · 58 м², Е900 10",350000,51.137211,71.395628,1014554923,arenda,kvartiry,2,58.0,9,False,False,monthly,"Астана, Нура р-н",58 м²,False,2026-08-05T16:23:00+00:00,,12,,"свежий ремонт, новая мебель",,"домофон, кодовый замок, видеонаблюдение, видеодомофон",нет,"кровать, обеденный стол, шкаф для одежды, кухонный гарнитур","телевизор, стиральная машина, холодильник, микроволновая печь, посудомоечная машина, кондиционер, пылесос, сушилка, лифт",совмещен,1,ванна,на улицу,,"семейной паре, некурящим, можно с детьми",,1,,,,,,,,,
https://krisha.kz/a/show/1014554846,"2-комнатная квартира · 48 м² · 6 этаж, ул. Жошы хан, 12/3 1",420000,51.10182286931,71.442136694277,1014554846,arenda,kvartiry,2,48.0,17,False,False,monthly,"Астана, Есильский р-н",48 м²,False,2026-08-05T16:23:00+00:00,Abat,6,,"свежий ремонт, новая мебель",полностью,"домофон, видеонаблюдение, видеодомофон",нет,"кровать, обеденный стол, шкаф для одежды, кухонный гарнитур, рабочий стол, диван","интернет, телевизор, стиральная машина, холодильник, посудомоечная машина, кондиционер, пылесос, посуда, сушилка, кладовая, лифт",,1,душевая кабина,во двор,нет,"некурящим, одному человеку",SVOYDOM,нет,,,,,,,,,
https://krisha.kz/a/show/1003744186,"2-комнатная квартира · 40 м² · 6/8 этаж, Бухар-Жырау 42 — Аль Фараби",280000,51.096451,71.44889,1003744186,arenda,kvartiry,2,40.0,9,False,False,monthly,"Астана, Есильский р-н",40 м²,False,2026-08-05T16:23:00+00:00,Арнау,6 из 8,да,"свежий ремонт, новая мебель",полностью,"домофон, кодовый замок, видеонаблюдение",нет,"кровать, обеденный стол, шкаф для одежды, кухонный гарнитур, рабочий стол, диван","интернет, телевизор, стиральная машина, холодильник, микроволновая печь, пылесос, посуда, сушилка, лифт",совмещен,1,ванна,во двор,1,"семейной паре, некурящим, одному человеку",BI Group Север,,,,,,,,,,
https://krisha.kz/a/show/1013058725,"2-комнатная квартира · 70 м² · 8/12 этаж, Болекпаева 1 — Поликлиника Сити",350000,51.12492020835,71.491657951408,1013058725,arenda,kvartiry,2,70.0,14,False,False,monthly,"Астана, Сарайшык р-н","70 м², Площадь кухни — 15 м²",False,2026-08-05T16:23:00+00:00,Аксиома,8 из 12,,"не новый, но аккуратный и чистый ремонт",полностью,"решетки на окнах, домофон, видеонаблюдение",нет,"кровать, обеденный стол, шкаф для одежды, кухонный гарнитур, рабочий стол, диван","интернет, телевизор, стиральная машина, холодильник, лифт",разделен,2,ванна,,1,"семейной паре, некурящим, одному человеку, можно с детьми",ЖСК Алматы,нет,,,,,,,,,
https://krisha.kz/a/show/1014350557,"3-комнатная квартира · 86 м² · 8/12 этаж, Е 103",400000,51.080727363799,71.38015411261,1014350557,arenda,kvartiry,3,86.0,13,False,False,monthly,"Астана, Нура р-н","86 м², Площадь кухни — 12 м²",False,2026-08-05T16:23:00+00:00,SPACE PLUS,8 из 12,,"свежий ремонт, новая мебель",,"охрана, домофон, кодовый замок, сигнализация, видеонаблюдение, видеодомофон",,"обеденный стол, шкаф для одежды, кухонный гарнитур, диван","интернет, телевизор, стиральная машина, холодильник, сушилка, лифт","разделен, совмещен",2,ванна,"во двор, на улицу",1,"семейной паре, некурящим, можно с детьми",BI Group Север,,,,,,,,,,
https://krisha.kz/a/show/1014466937,"1-комнатная квартира · 43 м² · 4/20 этаж, Туркестан 14",230000,51.108870090483,71.425784244076,1014466937,arenda,kvartiry,1,43.0,5,False,False,monthly,"Астана, Есильский р-н",43 м²,False,2026-08-05T16:23:00+00:00,Коркем 3,4 из 20,,"не новый, но аккуратный и чистый ремонт",полностью,"домофон, видеонаблюдение",,"кровать, обеденный стол, шкаф для одежды, кухонный гарнитур","стиральная машина, холодильник, сушилка, лифт",совмещен,,ванна,,1,"семейной паре, одному человеку",AIBYN Group,,,,,,,,,,
https://krisha.kz/a/show/1014270763,"3-комнатная квартира · 80 м² · 20/28 этаж, Нажимеденова 4",800000,51.120199108238,71.459395349496,1014270763,arenda,kvartiry,3,80.0,16,False,False,monthly,"Астана, Алматы р-н","80 м², Площадь кухни — 25 м²",False,2026-08-05T16:23:00+00:00,Highvill Ishim,20 из 28,,,полностью,"решетки на окнах, охрана, домофон, кодовый замок, сигнализация, видеонаблюдение, видеодомофон",нет,"кровать, обеденный стол, шкаф для одежды, кухонный гарнитур, рабочий стол, диван","интернет, телевизор, стиральная машина, холодильник, микроволновая печь, посудомоечная машина, кондиционер, пылесос, посуда, сушилка, кладовая, лифт",совмещен,2,"душевая кабина, ванна","во двор, на улицу",1,"некурящим, одному человеку",Highvill,1,,,,,,,,,
https://krisha.kz/a/show/692676001,"2-комнатная квартира · 86 м² · 6/12 этаж, Туран 56",320000,51.101751487354,71.396796151264,692676001,arenda,kvartiry,2,86.0,13,False,False,monthly,"Астана, Есильский р-н","86 м², Площадь кухни — 10 м²",False,2026-08-05T16:23:00+00:00,Научный,6 из 12,,"не новый, но аккуратный и чистый ремонт",полностью,,нет,"кровать, обеденный стол, шкаф для одежды, кухонный гарнитур, диван","интернет, телевизор, стиральная машина, холодильник, микроволновая печь",разделен,2,ванна,"во двор, на улицу",1,"семейной паре, некурящим, одному человеку, можно с животными, можно с детьми",ASTANA BUSINESS CAMPUS,1,,,,,,,,,
https://krisha.kz/a/show/1014554192,"3-комнатная квартира · 70 м² · 3/9 этаж, Култегин 4",400000,51.12837173106,71.372230266185,1014554192,arenda,kvartiry,3,70.0,30,False,False,monthly,"Астана, Нура р-н",70 м²,False,2026-08-05T16:23:00+00:00,Green Town,3 из 9,,"не новый, но аккуратный и чистый ремонт",полностью,"домофон, видеодомофон",нет,"кровать, шкаф для одежды, кухонный гарнитур, диван","интернет, стиральная машина, холодильник, лифт",совмещен,1,ванна,"во двор, на улицу",1,"семейной паре, одному человеку",Favorite Group,,,,,,,,,,
https://krisha.kz/a/show/1014552578,"3-комнатная квартира · 43 м² · 5/5 этаж, Қаныш Сатпаев 5",250000,51.151286,71.468015,1014552578,arenda,kvartiry,3,43.0,12,False,False,monthly,"Астана, Сарыарка р-н","43 м², Площадь кухни — 5 м²",False,2026-08-05T16:23:00+00:00,,5 из 5,,"не новый, но аккуратный и чистый ремонт",частично,"домофон, видеонаблюдение",нет,"кровать, обеденный стол, шкаф для одежды, кухонный гарнитур, рабочий стол, диван","стиральная машина, холодильник, кондиционер","разделен, совмещен",1,душевая кабина,"во двор, на улицу",1,"семейной паре, одному человеку, можно с животными, можно с детьми",,1,,,,,,,,,
https://krisha.kz/a/show/1014215846,"1-комнатная квартира · 38 м² · 7/9 этаж, Казыбек би 7/1 — Сыганак",260000,51.119560753293,71.39250522684,1014215846,arenda,kvartiry,1,38.0,6,False,False,monthly,"Астана, Нура р-н",38 м²,False,2026-08-05T16:23:00+00:00,Dauir,7 из 9,,"свежий ремонт, новая мебель",полностью,"кодовый замок, видеонаблюдение",нет,"кровать, обеденный стол, шкаф для одежды, кухонный гарнитур, диван","телевизор, стиральная машина, холодильник, микроволновая печь, кондиционер, посуда, сушилка",совмещен,1,"душевая кабина, ванна",на улицу,нет,одному человеку,Favorite Group,,,,,,,,,,
https://krisha.kz/a/show/1014534653,"3-комнатная квартира · 85 м² · 9/12 этаж, Мухамедханова 4, 4а, 4Б, 4/1, 4/2, 4/3",500000,51.137286910221,71.402911998916,1014534653,arenda,kvartiry,3,85.0,19,False,False,monthly,"Астана, Нура р-н",85 м²,False,2026-08-05T16:23:00+00:00,GreenLine.Tokyo,9 из 12,,,,,нет,,,,,,,,,BI Group Юг,,,,,,,,,,
https://krisha.kz/a/show/1013557230,"2-комнатная квартира · 62.3 м² · 8/18 этаж, Санжара Асфендиярова — Айтеке би",380000,51.131985766158,71.375907137408,1013557230,arenda,kvartiry,2,62.3,8,False,False,monthly,"Астана, Нура р-н",62.3 м²,False,2026-08-05T16:23:00+00:00,Sat City,8 из 18,,"свежий ремонт, новая мебель",,"домофон, видеонаблюдение",нет,"обеденный стол, шкаф для одежды, кухонный гарнитур, диван","интернет, телевизор, стиральная машина, холодильник, микроволновая печь, посудомоечная машина, кондиционер, пылесос, посуда, сушилка, лифт",совмещен,1,ванна,во двор,1,"семейной паре, некурящим, одному человеку",SAT-NS,,,,,,,,,,
https://krisha.kz/a/show/1014389534,"1-комнатная квартира · 40 м² · 8/20 этаж, Туркестан 14",280000,51.108870090483,71.425784244076,1014389534,arenda,kvartiry,1,40.0,11,False,False,monthly,"Астана, Есильский р-н","40 м², Площадь кухни — 10 м²",False,2026-08-05T16:23:00+00:00,Коркем 3,8 из 20,,,полностью,"домофон, видеонаблюдение",,"кровать, обеденный стол, шкаф для одежды, кухонный гарнитур, рабочий стол, диван","интернет, телевизор, стиральная машина, холодильник, микроволновая печь, сушилка, лифт",совмещен,1,душевая кабина,,,"семейной паре, некурящим, одному человеку",AIBYN Group,1,,,,,,,,,
https://krisha.kz/a/show/1011460017,"3-комнатная квартира · 95 м² · 11/14 этаж, Аль-Фараби 9",600000,51.097179652802,71.45056145359,1011460017,arenda,kvartiry,3,95.0,17,False,False,monthly,"Астана, Есильский р-н",95 м²,False,2026-08-05T16:23:00+00:00,Capital Park. Flowers,11 из 14,,"свежий ремонт, новая мебель",полностью,"решетки на окнах, охрана, домофон, кодовый замок, сигнализация, видеонаблюдение, видеодомофон, консьерж",нет,"кровать, обеденный стол, шкаф для одежды, кухонный гарнитур, рабочий стол, диван","интернет, телевизор, стиральная машина, холодильник, микроволновая печь, посудомоечная машина, кондиционер, пылесос, посуда, сушилка, лифт",разделен,2,"душевая кабина, ванна","во двор, на улицу",1,"семейной паре, некурящим, одному человеку",BI Group Юг,,,,,,,,,,
https://krisha.kz/a/show/1014486943,"2-комнатная квартира · 40 м² · 3/9 этаж, Анет баба 12",350000,51.138324,71.38625,1014486943,arenda,kvartiry,2,40.0,6,False,False,monthly,"Астана, Нура р-н",40 м²,False,2026-08-05T16:23:00+00:00,GreenLine.Ару Кала,3 из 9,да,"свежий ремонт, новая мебель",,"охрана, домофон, видеонаблюдение",нет,"кровать, обеденный стол, шкаф для одежды, кухонный гарнитур, рабочий стол, диван","интернет, телевизор, стиральная машина, холодильник, микроволновая печь, пылесос, посуда, сушилка, лифт",совмещен,1,ванна,на улицу,1,"семейной паре, одному человеку, можно с детьми",BI Group Юг,,,,,,,,,,
https://krisha.kz/a/show/1013884289,"4-комнатная квартира · 140 м² · 19 этаж, Тауелсиздик 56/2",1700000,51.116522794538,71.467287711571,1013884289,arenda,kvartiry,4,140.0,10,False,False,monthly,"Астана, Сарайшык р-н",140 м²,False,2026-08-05T16:23:00+00:00,Sensata Plaza,19,,"свежий ремонт, новая мебель",полностью,"решетки на окнах, охрана, домофон, кодовый замок, сигнализация, видеонаблюдение, видеодомофон",нет,"кровать, обеденный стол, шкаф для одежды, кухонный гарнитур, рабочий стол, диван","интернет, телевизор, стиральная машина, холодильник, микроволновая печь, посудомоечная машина, кондиционер, пылесос, посуда, сушилка, лифт",разделен,2,"душевая кабина, ванна","во двор, на улицу",,"семейной паре, некурящим, одному человеку, можно с детьми",,,,,,,,,,,
https://krisha.kz/a/show/1013378981,"3-комнатная квартира · 85 м² · 12/16 этаж, Санжара Асфендиярова 2",400000,51.131985766158,71.375907137408,1013378981,arenda,kvartiry,3,85.0,11,False,False,monthly,"Астана, Нура р-н","85 м², Площадь кухни — 12 м²",False,2026-08-05T16:23:00+00:00,Sat City,12 из 16,,"не новый, но аккуратный и чистый ремонт",полностью,,нет,"кровать, обеденный стол, шкаф для одежды, кухонный гарнитур, рабочий стол, диван","интернет, телевизор, стиральная машина, холодильник, микроволновая печь, посуда, сушилка, лифт",разделен,2,ванна,"во двор, на улицу",2,семейной паре,SAT-NS,,,,,,,,,,
https://krisha.kz/a/show/1014227896,"3-комнатная квартира · 75 м² · 6/10 этаж, Култегин 11, 13, 15 — Green Line",400000,51.136684847175,71.373825072151,1014227896,arenda,kvartiry,3,75.0,19,False,False,monthly,"Астана, Нура р-н","75 м², Площадь кухни — 30 м²",False,2026-08-05T16:23:00+00:00,Mechta,6 из 10,,"свежий ремонт, новая мебель",полностью,видеонаблюдение,нет,"кровать, обеденный стол, шкаф для одежды, кухонный гарнитур, рабочий стол, диван","интернет, стиральная машина, холодильник, посудомоечная машина, посуда, сушилка, лифт",разделен,2,"душевая кабина, ванна","во двор, на улицу",,"семейной паре, некурящим, одному человеку",ТОО «Паркинг Системс Астана»,1,,,,,,,,,
https://krisha.kz/a/show/694670594,"4-комнатная квартира · 130 м² · 9/10 этаж, Кабанбай батыра 5/1",600000,51.144626723377,71.416520699859,694670594,arenda,kvartiry,4,130.0,4,False,False,monthly,"Астана, Есильский р-н",130 м²,False,2026-08-05T16:23:00+00:00,,9 из 10,да,"свежий ремонт, новая мебель",полностью,,нет,,,разделен,1,ванна,"во двор, на улицу",1,,,1,,,,,,,,,
https://krisha.kz/a/show/1011084567,"3-комнатная квартира · 100 м², Турар Рыскулов",900000,51.08497181287,71.419043540736,1011084567,arenda,kvartiry,3,100.0,16,False,False,monthly,"Астана, Есильский р-н","100 м², Площадь кухни — 17 м²",False,2026-08-05T16:23:00+00:00,Nexpo Trend,,,"свежий ремонт, новая мебель",полностью,,,,,,2,"душевая кабина, ванна",,1,"семейной паре, некурящим",BI Group Север,,,,,,,,,,
https://krisha.kz/a/show/1006121111,"3-комнатная квартира · 87 м² · 7/9 этаж, Достык 8б",500000,51.126794,71.421796,1006121111,arenda,kvartiry,3,87.0,7,False,False,monthly,"Астана, Есильский р-н",87 м²,False,2026-08-05T16:23:00+00:00,Landmark,7 из 9,да,"свежий ремонт, новая мебель",полностью,"домофон, видеонаблюдение, видеодомофон",нет,"обеденный стол, шкаф для одежды, кухонный гарнитур","интернет, стиральная машина, холодильник, посудомоечная машина, кондиционер, лифт",разделен,2,душевая кабина,"во двор, на улицу",1,,BAZIS–А,,,,,,,,,,
https://krisha.kz/a/show/1014420581,"1-комнатная квартира · 49 м² · 2/12 этаж, М. Габдуллина 19/1",200000,51.167285663132,71.430405659048,1014420581,arenda,kvartiry,1,49.0,6,False,False,monthly,"Астана, Алматы р-н","49 м², Площадь кухни — 15 м²",False,2026-08-05T16:23:00+00:00,Дуэт,2 из 12,,"не новый, но аккуратный и чистый ремонт",полностью,"домофон, видеодомофон",нет,"кровать, обеденный стол, шкаф для одежды, кухонный гарнитур, диван","телевизор, стиральная машина, холодильник, посудомоечная машина, сушилка, лифт",совмещен,1,ванна,на улицу,1,"семейной паре, одному человеку",BI Group Юг,,,,,,,,,,
https://krisha.kz/a/show/1013822441,"3-комнатная квартира · 130 м² · 9/14 этаж, Д. Кунаева 35",500000,51.130119344399,71.436813285472,1013822441,arenda,kvartiry,3,130.0,33,False,False,monthly,"Астана, Есильский р-н","130 м², жилая — 110 м², Площадь кухни — 20 м²",False,2026-08-05T16:23:00+00:00,Новый мир,9 из 14,,"не новый, но аккуратный и чистый ремонт",,"охрана, домофон, видеонаблюдение",нет,"кровать, обеденный стол, шкаф для одежды, кухонный гарнитур, рабочий стол, диван","интернет, телевизор, стиральная машина, холодильник, микроволновая печь, посудомоечная машина, кондиционер, кладовая",,,"душевая кабина, ванна",на улицу,2,,Астана Недвижимость,2,,,,,,,,,
https://krisha.kz/a/show/1014497144,"2-комнатная квартира · 55 м² · 2/19 этаж, Туран 57/А — Рядом с Барыс ареной",500000,51.107099886527,71.396269688327,1014497144,arenda,kvartiry,2,55.0,14,False,False,monthly,"Астана, Нура р-н","55 м², Площадь кухни — 16 м²",False,2026-08-05T16:23:00+00:00,Arena Towers 2,2 из 19,,"свежий ремонт, новая мебель",полностью,"охрана, домофон, кодовый замок, сигнализация, видеонаблюдение, видеодомофон",нет,"кровать, обеденный стол, шкаф для одежды, кухонный гарнитур, рабочий стол, диван","интернет, телевизор, стиральная машина, холодильник, микроволновая печь, посудомоечная машина, кондиционер, пылесос, посуда, сушилка, лифт",совмещен,1,ванна,во двор,нет,"семейной паре, некурящим, одному человеку",,нет,,,,,,,,,
https://krisha.kz/a/show/1014497305,"2-комнатная квартира · 54 м² · 14/17 этаж, Турар Рыскулов 16/3",350000,51.080349786748,71.429163321242,1014497305,arenda,kvartiry,2,54.0,9,False,False,monthly,"Астана, Есильский р-н",54 м²,False,2026-08-05T16:23:00+00:00,MOD Comfort - 2,14 из 17,,"свежий ремонт, новая мебель",полностью,"кодовый замок, видеонаблюдение, видеодомофон",нет,"кровать, обеденный стол, шкаф для одежды, диван","интернет, телевизор, стиральная машина, холодильник, микроволновая печь, кондиционер, пылесос, лифт",совмещен,1,ванна,"во двор, на улицу",1,"семейной паре, некурящим, одному человеку",,,,,,,,,,,
https://krisha.kz/a/show/761947512,"1-комнатная квартира · 40 м² · 6/12 этаж, Шамши Калдаяков 25А",250000,51.114148080417,71.493383645793,761947512,arenda,kvartiry,1,40.0,13,False,False,monthly,"Астана, Сарайшык р-н","40 м², жилая — 20 м², Площадь кухни — 18 м²",False,2026-08-05T16:23:00+00:00,DOMBYRA,6 из 12,,"свежий ремонт, новая мебель",полностью,"охрана, домофон",нет,"кровать, обеденный стол, шкаф для одежды, кухонный гарнитур, рабочий стол","интернет, телевизор, стиральная машина, холодильник, микроволновая печь, кондиционер, лифт",совмещен,1,ванна,во двор,нет,"семейной паре, одному человеку",SVOYDOM,нет,,,,,,,,,
https://krisha.kz/a/show/1003475027,"4-комнатная квартира · 90 м² · 2/12 этаж, Туран 57 г — №24",700000,51.105749383671,71.395079043491,1003475027,arenda,kvartiry,4,90.0,15,False,False,monthly,"Астана, Есильский р-н",90 м²,False,2026-08-05T16:23:00+00:00,Сердце Столицы,2 из 12,,,полностью,"охрана, домофон, кодовый замок, видеонаблюдение, видеодомофон",нет,"кровать, обеденный стол, шкаф для одежды, кухонный гарнитур, рабочий стол, диван","интернет, телевизор, холодильник, микроволновая печь, посудомоечная машина, кондиционер, пылесос, посуда, сушилка, кладовая, лифт",разделен,2,"душевая кабина, ванна","во двор, на улицу",1,"семейной паре, некурящим, можно с детьми",BI Group Юг,,,,,,,,,,
https://krisha.kz/a/show/1014430596,"1-комнатная квартира · 35.5 м² · 2/9 этаж, Кайым Мухамедханова 47",230000,51.14661644248,71.354784053911,1014430596,arenda,kvartiry,1,35.5,12,False,False,monthly,"Астана, Есильский р-н","35.5 м², Площадь кухни — 12 м²",False,2026-08-05T16:23:00+00:00,Alatau City,2 из 9,,"свежий ремонт, новая мебель",полностью,"домофон, видеонаблюдение, видеодомофон",нет,"обеденный стол, шкаф для одежды, кухонный гарнитур, рабочий стол, диван","интернет, телевизор, стиральная машина, холодильник, микроволновая печь, сушилка, лифт",совмещен,1,ванна,на улицу,нет,"семейной паре, некурящим, одному человеку",Home Group,нет,,,,,,,,,
https://krisha.kz/a/show/1014142581,"2-комнатная квартира · 83 м² · 3/9 этаж, Желтоксан 1 — Набережная центральный парк",650000,51.160729052952,71.416992936283,1014142581,arenda,kvartiry,2,83.0,6,False,False,monthly,"Астана, Сарыарка р-н",83 м²,False,2026-08-05T16:23:00+00:00,Престиж,3 из 9,да,"свежий ремонт, новая мебель",,"решетки на окнах, охрана, домофон, кодовый замок, сигнализация, видеонаблюдение, видеодомофон, консьерж",нет,"кровать, обеденный стол, шкаф для одежды, кухонный гарнитур, рабочий стол, диван","интернет, телевизор, стиральная машина, холодильник, микроволновая печь, посудомоечная машина, кондиционер, пылесос, посуда, сушилка, лифт",разделен,1,"душевая кабина, ванна","во двор, на улицу",1,"некурящим, одному человеку, можно с животными",BAZIS–А,,,,,,,,,,
https://krisha.kz/a/show/1014439488,"1-комнатная квартира · 39 м² · 3/12 этаж, Кабанбай батыра 59",220000,51.076055,71.395646,1014439488,arenda,kvartiry,1,39.0,8,False,False,monthly,"Астана, Нура р-н",39 м²,False,2026-08-05T16:23:00+00:00,,3 из 12,,"не новый, но аккуратный и чистый ремонт",полностью,"домофон, видеонаблюдение",нет,"обеденный стол, шкаф для одежды, кухонный гарнитур, диван","телевизор, стиральная машина, холодильник, микроволновая печь, пылесос, лифт",совмещен,1,ванна,во двор,1,"семейной паре, некурящим",,нет,,,,,,,,,
https://krisha.kz/a/show/1002954817,"3-комнатная квартира · 90 м² · 10/21 этаж, Бухар жырау 20Б",900000,51.10258214933,71.403450965881,1002954817,arenda,kvartiry,3,90.0,11,False,False,monthly,"Астана, Есильский р-н",90 м²,False,2026-08-05T16:23:00+00:00,Highvill Park 2,10 из 21,да,"свежий ремонт, новая мебель",полностью,"решетки на окнах, охрана, домофон, кодовый замок, сигнализация, видеонаблюдение, видеодомофон, консьерж",нет,"кровать, обеденный стол, шкаф для одежды, кухонный гарнитур, рабочий стол, диван","интернет, телевизор, стиральная машина, холодильник, микроволновая печь, кондиционер, пылесос, посуда, сушилка, кладовая, лифт",совмещен,2,"душевая кабина, ванна","во двор, на улицу",нет,"семейной паре, некурящим, одному человеку, можно с животными, можно с детьми",Highvill,нет,,,,,,,,,
https://krisha.kz/a/show/1014552273,"1-комнатная квартира · 44.4 м² · 12/12 этаж, Ракымжан Кошкарбаев 37",240000,51.1290047041,71.494800489409,1014552273,arenda,kvartiry,1,44.4,4,False,False,monthly,"Астана, Алматы р-н","44.4 м², Площадь кухни — 16.1 м²",False,2026-08-05T16:23:00+00:00,Nur Aspan,12 из 12,,"не новый, но аккуратный и чистый ремонт",полностью,кодовый замок,нет,"обеденный стол, шкаф для одежды, кухонный гарнитур, диван","стиральная машина, холодильник, лифт",совмещен,1,ванна,на улицу,1,,ORDA INVEST,,,,,,,,,,
https://krisha.kz/a/show/1014230997,"2-комнатная квартира · 65 м² · 12/17 этаж, Туран 52/2",500000,51.104566046182,71.399554480031,1014230997,arenda,kvartiry,2,65.0,8,False,False,monthly,"Астана, Есильский р-н","65 м², Площадь кухни — 12 м²",False,2026-08-05T16:23:00+00:00,BUQAR JYRAU EXCLUSIVE 2,12 из 17,,"свежий ремонт, новая мебель",полностью,"домофон, кодовый замок, видеонаблюдение, видеодомофон",нет,"кровать, обеденный стол, шкаф для одежды, кухонный гарнитур, диван","интернет, телевизор, стиральная машина, холодильник, микроволновая печь, посудомоечная машина, кондиционер, пылесос, посуда, сушилка, кладовая, лифт",совмещен,1,душевая кабина,во двор,,"семейной паре, одному человеку",ULYTAU GROUP,1,,,,,,,,,
https://krisha.kz/a/show/687996517,"2-комнатная квартира · 35 м² · 1/3 этаж, мкр Уркер, Мкр Уркер, ул. Нуркена Абдирова 54 — Достоевского",180000,51.131652875798,71.288327121035,687996517,arenda,kvartiry,2,35.0,9,False,False,monthly,"Астана, Нура р-н","35 м², жилая — 30 м², Площадь кухни — 8 м²",False,2026-08-05T16:23:00+00:00,,1 из 3,да,"не новый, но аккуратный и чистый ремонт",полностью,кодовый замок,нет,"кровать, обеденный стол, шкаф для одежды, кухонный гарнитур, рабочий стол","интернет, телевизор, стиральная машина, холодильник, микроволновая печь, пылесос, посуда, сушилка",совмещен,1,ванна,"во двор, на улицу",нет,"семейной паре, некурящим, одному человеку, можно с детьми",,нет,,,,,,,,,
https://krisha.kz/a/show/1014552095,"2-комнатная квартира · 49 м² · 1/5 этаж, Аблайхана 25/1 кв31",270000,51.156992,71.483645,1014552095,arenda,kvartiry,2,49.0,4,False,False,monthly,"Астана, Алматы р-н",49 м²,False,2026-08-05T16:23:00+00:00,,1 из 5,,"не новый, но аккуратный и чистый ремонт",полностью,"решетки на окнах, домофон, видеонаблюдение",,"кровать, обеденный стол, шкаф для одежды, кухонный гарнитур, диван","телевизор, стиральная машина, холодильник, сушилка, кладовая",разделен,1,ванна,"во двор, на улицу",нет,семейной паре,,,,,,,,,,,
https://krisha.kz/a/show/1014552232,"2-комнатная квартира · 67 м² · 2/9 этаж, А. Байтурсынова 40",280000,51.11240799858,71.542991145769,1014552232,arenda,kvartiry,2,67.0,10,False,False,monthly,"Астана, Алматы р-н",67 м²,False,2026-08-05T16:23:00+00:00,Алтын Отау,2 из 9,,,,"решетки на окнах, домофон",нет,"шкаф для одежды, диван","стиральная машина, холодильник, микроволновая печь, лифт",,2,ванна,"во двор, на улицу",1,,ТОО OREOL-Group,,,,,,,,,,
https://krisha.kz/a/show/1013955678,"2-комнатная квартира · 78 м² · 9/14 этаж, Кабанбай батыра 11",350000,51.140239037165,71.414765525406,1013955678,arenda,kvartiry,2,78.0,6,False,False,monthly,"Астана, Есильский р-н","78 м², Площадь кухни — 100 м²",False,2026-08-05T16:23:00+00:00,Триумф Астаны,9 из 14,,"не новый, но аккуратный и чистый ремонт",полностью,"домофон, видеонаблюдение, консьерж",нет,"кровать, обеденный стол, шкаф для одежды, кухонный гарнитур, диван","интернет, телевизор, стиральная машина, холодильник, микроволновая печь, кондиционер, пылесос, посуда, сушилка, кладовая, лифт",,2,ванна,,,"семейной паре, некурящим, одному человеку",BAZIS–А,1,,,,,,,,,
https://krisha.kz/a/show/1006142995,"2-комнатная квартира · 70 м² · 11/18 этаж, Туран 50/2",400000,51.105732446493,71.399872813021,1006142995,arenda,kvartiry,2,70.0,20,False,False,monthly,"Астана, Есильский р-н","70 м², Площадь кухни — 9 м²",False,2026-08-05T16:23:00+00:00,Buqar Jyrau,11 из 18,,"свежий ремонт, новая мебель",полностью,"решетки на окнах, домофон, кодовый замок, сигнализация, видеонаблюдение, видеодомофон",нет,"кровать, обеденный стол, шкаф для одежды, кухонный гарнитур, рабочий стол, диван","интернет, телевизор, стиральная машина, холодильник, микроволновая печь, посудомоечная машина, кондиционер, пылесос, посуда, сушилка, лифт",совмещен,1,ванна,на улицу,,"семейной паре, некурящим, одному человеку, можно с детьми",ULYTAU GROUP,1,,,,,,,,,
https://krisha.kz/a/show/1012092575,"2-комнатная квартира · 50 м² · 2/9 этаж, Ш.Калдаякова 32 — С.Нурмагамбетова",280000,51.111393,71.501252,1012092575,arenda,kvartiry,2,50.0,17,False,False,monthly,"Астана, Сарайшык р-н",50 м²,False,2026-08-05T16:23:00+00:00,Green House Premium,2 из 9,,"свежий ремонт, новая мебель",полностью,"домофон, видеодомофон",,"кровать, обеденный стол, шкаф для одежды, кухонный гарнитур, диван","интернет, телевизор, стиральная машина, холодильник, микроволновая печь, пылесос, сушилка, лифт",совмещен,1,ванна,,1,"семейной паре, одному человеку",,,,,,,,,,,
https://krisha.kz/a/show/1014371729,"4-комнатная квартира · 161.1 м² · 3/6 этаж, Умай ана 10",1000000,51.147290259413,71.388823882808,1014371729,arenda,kvartiry,4,161.1,6,False,False,monthly,"Астана, Есильский р-н","161.1 м², Площадь кухни — 15.2 м²",False,2026-08-05T16:23:00+00:00,KingHouse,3 из 6,,"не новый, но аккуратный и чистый ремонт",полностью,,нет,,,,,,,,,Club House Building,,,,,,,,,,
https://krisha.kz/a/show/686359483,"1-комнатная квартира · 25 м² · 4/4 этаж, Василия Радлова 26/1 — Акан Серы",205000,51.177996,71.368544,686359483,arenda,kvartiry,1,25.0,29,False,False,monthly,"Астана, Сарыарка р-н",25 м²,False,2026-08-05T16:23:00+00:00,,4 из 4,да,"свежий ремонт, новая мебель",полностью,"домофон, кодовый замок, видеонаблюдение",да,"кровать, обеденный стол, шкаф для одежды, кухонный гарнитур, рабочий стол, диван","интернет, телевизор, стиральная машина, холодильник, кондиционер, пылесос, посуда, сушилка",,,ванна,"во двор, на улицу",,"семейной паре, некурящим, одному человеку",,,,,,,,,,,
https://krisha.kz/a/show/50588844,"1-комнатная квартира · 50 м² · 4/6 этаж, Алихана Бокейханова 29/2 — Рыскулова",250000,51.0836104965,71.431466794951,50588844,arenda,kvartiry,1,50.0,8,False,False,monthly,"Астана, Есильский р-н",50 м²,False,2026-08-05T16:23:00+00:00,Венский квартал,4 из 6,,,полностью,"охрана, домофон, кодовый замок, видеонаблюдение, видеодомофон, консьерж",нет,"кровать, обеденный стол, шкаф для одежды, кухонный гарнитур, диван","интернет, телевизор, стиральная машина, холодильник, микроволновая печь, пылесос, посуда, лифт",совмещен,1,ванна,во двор,лоджия,,Экспо Таун Успех,1,кирпичный,2019,да,металлическая,нет,,рядом охраняемая стоянка,ламинат,3 м
https://krisha.kz/a/show/1005022251,"1-комнатная квартира · 30 м² · 2/6 этаж, Богенбай батыра 6/2 — Кумисбекова",200000,51.175958,71.39226,1005022251,arenda,kvartiry,1,30.0,20,False,False,monthly,"Астана, Сарыарка р-н",30 м²,False,2026-08-05T16:23:00+00:00,,2 из 6,,,полностью,,,,,,,,,,,,,,,,,,,,,
https://krisha.kz/a/show/697111048,"3-комнатная квартира · 105 м² · 3/9 этаж, Сыганак 39/1",370000,51.12498886235,71.426361543657,697111048,arenda,kvartiry,3,105.0,32,False,False,monthly,"Астана, Есильский р-н",105 м²,False,2026-08-05T16:23:00+00:00,Меруерт,3 из 9,,,полностью,,нет,,,,2,ванна,"во двор, на улицу",,"семейной паре, некурящим, одному человеку",Шар-Құрылыс,1,,,,,,,,,
https://krisha.kz/a/show/1008518507,"2-комнатная квартира · 65 м² · 6/9 этаж, Толе би 25а",400000,51.097704043594,71.386433314566,1008518507,arenda,kvartiry,2,65.0,14,False,False,monthly,"Астана, Нура р-н","65 м², Площадь кухни — 20 м²",False,2026-08-05T16:23:00+00:00,Dastur,6 из 9,,"не новый, но аккуратный и чистый ремонт",полностью,"решетки на окнах, домофон",нет,"кровать, обеденный стол, шкаф для одежды, кухонный гарнитур, диван","интернет, телевизор, стиральная машина, холодильник, микроволновая печь, пылесос, посуда, сушилка, лифт",совмещен,1,"душевая кабина, ванна","во двор, на улицу",1,"семейной паре, некурящим, одному человеку",ULYTAU GROUP,,,,,,,,,,
https://krisha.kz/a/show/1007057752,"1-комнатная квартира · 32 м² · 8/8 этаж, Кабанбай Батыра 58Б — Улыдала",250000,51.09529879806,71.406972527099,1007057752,arenda,kvartiry,1,32.0,11,False,False,monthly,"Астана, Есильский р-н","32 м², Площадь кухни — 10 м²",False,2026-08-05T16:23:00+00:00,Expo Boulevard,8 из 8,,"свежий ремонт, новая мебель",полностью,"охрана, домофон, кодовый замок, сигнализация, видеонаблюдение",нет,"кровать, обеденный стол, шкаф для одежды, кухонный гарнитур, диван","телевизор, стиральная машина, холодильник, микроволновая печь, пылесос, посуда, сушилка, лифт",совмещен,1,ванна,на улицу,1,"семейной паре, некурящим, одному человеку",BI Group Юг,нет,,,,,,,,,
https://krisha.kz/a/show/1014551705,"1-комнатная квартира · 38 м², Мангилик Ел 40/2 — Мангилик ел и Бухар Жырау",250000,51.101325366301,71.42994835725,1014551705,arenda,kvartiry,1,38.0,6,False,False,monthly,"Астана, Есильский р-н",38 м²,False,2026-08-05T16:23:00+00:00,Коркем 4,,да,"не новый, но аккуратный и чистый ремонт",полностью,"охрана, кодовый замок, сигнализация, видеонаблюдение, видеодомофон, консьерж",нет,"обеденный стол, шкаф для одежды, кухонный гарнитур, диван","интернет, телевизор, стиральная машина, холодильник, микроволновая печь, посуда, кладовая, лифт",совмещен,1,ванна,на улицу,1,,AIBYN Group,1,,,,,,,,,
https://krisha.kz/a/show/696840394,"2-комнатная квартира · 67.1 м² · 17/17 этаж, Бектурова 4/6",280000,51.12026275537,71.399765923609,696840394,arenda,kvartiry,2,67.1,9,False,False,monthly,"Астана, Есильский р-н","67.1 м², Площадь кухни — 18.8 м²",False,2026-08-05T16:23:00+00:00,Алтын Шар 2,17 из 17,,,полностью,,нет,"кровать, обеденный стол, шкаф для одежды, кухонный гарнитур, диван","интернет, телевизор, стиральная машина, холодильник, пылесос, лифт",совмещен,,ванна,на улицу,1,"семейной паре, можно с детьми",Шар-Құрылыс,,,,,,,,,,
https://krisha.kz/a/show/1013273483,"1-комнатная квартира · 42 м² · 11/12 этаж, Туркестан — Орынбор",260000,51.110037722596,71.427172177754,1013273483,arenda,kvartiry,1,42.0,15,False,False,monthly,"Астана, Есильский р-н","42 м², жилая — 20 м², Площадь кухни — 10 м²",False,2026-08-05T16:23:00+00:00,Коркем 2,11 из 12,,"не новый, но аккуратный и чистый ремонт",полностью,"домофон, видеонаблюдение",нет,"кровать, обеденный стол, шкаф для одежды, кухонный гарнитур, диван","интернет, телевизор, стиральная машина, холодильник, микроволновая печь, кондиционер, пылесос, посуда, сушилка, лифт",совмещен,1,ванна,на улицу,,одному человеку,Айбын Курылыс,,,,,,,,,,
https://krisha.kz/a/show/1012694837,"2-комнатная квартира · 40 м² · 10/12 этаж, Кабанбай батыра 59/2",220000,51.077985729342,71.397365559551,1012694837,arenda,kvartiry,2,40.0,12,False,False,monthly,"Астана, Нура р-н",40 м²,False,2026-08-05T16:23:00+00:00,Budapest,10 из 12,да,"не новый, но аккуратный и чистый ремонт",полностью,"домофон, видеонаблюдение, видеодомофон",нет,"кровать, обеденный стол, шкаф для одежды, кухонный гарнитур, диван","стиральная машина, холодильник",совмещен,,,на улицу,1,"семейной паре, некурящим",G-Park,,,,,,,,,,
https://krisha.kz/a/show/1014550738,"2-комнатная квартира · 45 м² · 7/9 этаж, Бухар жырау 57/6 — Барыс Арена",350000,51.105840027492,71.389565064875,1014550738,arenda,kvartiry,2,45.0,13,False,False,monthly,"Астана, Нура р-н",45 м²,False,2026-08-05T16:23:00+00:00,Arena Style,7 из 9,да,"свежий ремонт, новая мебель",,"охрана, домофон, кодовый замок, видеонаблюдение, видеодомофон",нет,"кровать, обеденный стол, шкаф для одежды, кухонный гарнитур, рабочий стол, диван","интернет, телевизор, стиральная машина, холодильник, микроволновая печь, посудомоечная машина, кондиционер, пылесос, посуда, сушилка, лифт",совмещен,,ванна,на улицу,1,"семейной паре, некурящим, одному человеку",BI Group Север,,,,,,,,,,
https://krisha.kz/a/show/1014470544,"3-комнатная квартира · 93 м² · 3/8 этаж, Фариза Онгарсынова 6 — Фариза Онгарсынова",550000,51.083903,71.440688,1014470544,arenda,kvartiry,3,93.0,25,False,False,monthly,"Астана, Есильский р-н","93 м², Площадь кухни — 20 м²",False,2026-08-05T16:23:00+00:00,Besterek,3 из 8,,"свежий ремонт, новая мебель",полностью,"решетки на окнах, охрана, домофон, кодовый замок, сигнализация, видеонаблюдение, видеодомофон, консьерж",нет,"кровать, обеденный стол, шкаф для одежды, кухонный гарнитур, рабочий стол, диван","интернет, телевизор, стиральная машина, холодильник, пылесос, посуда, сушилка, лифт",разделен,2,ванна,"во двор, на улицу",1,"семейной паре, некурящим, одному человеку, можно с детьми",BI Group Юг,1,,,,,,,,,
https://krisha.kz/a/show/1011130011,"1-комнатная квартира · 36 м² · 4/11 этаж, Сарыарка 48/2",210000,51.177764209258,71.408172251884,1011130011,arenda,kvartiry,1,36.0,14,False,False,monthly,"Астана, Сарыарка р-н",36 м²,False,2026-08-05T16:23:00+00:00,ОМК центр-2,4 из 11,да,"не новый, но аккуратный и чистый ремонт",полностью,"домофон, видеонаблюдение",нет,"обеденный стол, шкаф для одежды, кухонный гарнитур, диван","интернет, телевизор, стиральная машина, холодильник, микроволновая печь, посуда, сушилка, лифт",совмещен,1,ванна,во двор,1,"семейной паре, одному человеку",ОМК-центр,,,,,,,,,,
https://krisha.kz/a/show/760576590,"2-комнатная квартира · 70 м² · 16/18 этаж, Байтурсынова — Кошкарбаева",445555,51.121802,71.482819,760576590,arenda,kvartiry,2,70.0,11,False,False,monthly,"Астана, Алматы р-н",70 м²,False,2026-08-05T16:23:00+00:00,Хайвил Астана,16 из 18,да,"не новый, но аккуратный и чистый ремонт",,"охрана, домофон, кодовый замок, сигнализация, видеонаблюдение, видеодомофон",нет,"кровать, обеденный стол, шкаф для одежды, кухонный гарнитур, диван","интернет, телевизор, стиральная машина, холодильник, микроволновая печь, пылесос, посуда, сушилка, кладовая, лифт",разделен,2,"душевая кабина, ванна","во двор, на улицу",,"семейной паре, некурящим, одному человеку",Highvill,,,,,,,,,,
https://krisha.kz/a/show/1004984614,"1-комнатная квартира · 25 м² · 3/3 этаж, Армандастар 1/2 — КазАТУ им. Сейфулина, Мечеть Толебай",160000,51.129192691624,71.591441567758,1004984614,arenda,kvartiry,1,25.0,26,False,False,monthly,"Астана, Сарайшык р-н",25 м²,False,2026-08-05T16:23:00+00:00,,3 из 3,да,"свежий ремонт, новая мебель",,,нет,"кровать, обеденный стол, шкаф для одежды, кухонный гарнитур",стиральная машина,совмещен,1,ванна,"во двор, на улицу",,"семейной паре, некурящим, одному человеку, можно с детьми",,,,,,,,,,,
https://krisha.kz/a/show/1014549209,"2-комнатная квартира · 52 м² · 5/9 этаж, Пр. Абылай хана 4/2 — На гребном канале, возле ЕНУ",250000,51.15919,71.470638,1014549209,arenda,kvartiry,2,52.0,15,False,False,monthly,"Астана, Алматы р-н","52 м², Площадь кухни — 9 м²",False,2026-08-05T16:23:00+00:00,,5 из 9,,"не новый, но аккуратный и чистый ремонт",полностью,"домофон, кодовый замок, видеонаблюдение",нет,"кровать, обеденный стол, шкаф для одежды, кухонный гарнитур, диван","интернет, телевизор, стиральная машина, холодильник, микроволновая печь, посудомоечная машина, кондиционер, пылесос, посуда, сушилка, лифт",разделен,1,ванна,на улицу,,"семейной паре, некурящим, одному человеку",,1,,,,,,,,,
https://krisha.kz/a/show/1014216905,"1-комнатная квартира · 41 м² · 6/8 этаж, Бұқар жырау 40",220000,51.096632,71.447389,1014216905,arenda,kvartiry,1,41.0,10,False,False,monthly,"Астана, Есильский р-н","41 м², Площадь кухни — 9 м²",False,2026-08-05T16:23:00+00:00,Арнау,6 из 8,,"не новый, но аккуратный и чистый ремонт",полностью,"домофон, видеонаблюдение",нет,"кровать, обеденный стол, шкаф для одежды, кухонный гарнитур, диван","интернет, стиральная машина, холодильник, микроволновая печь, кондиционер, посуда, сушилка, лифт",совмещен,1,ванна,во двор,1,"семейной паре, некурящим",BI Group Север,1,,,,,,,,,
https://krisha.kz/a/show/1007575981,"2-комнатная квартира · 91 м² · 5/12 этаж, Мәңгілік Ел 21",550000,51.111568,71.43175,1007575981,arenda,kvartiry,2,91.0,64,False,False,monthly,"Астана, Есильский р-н","91 м², Площадь кухни — 20 м²",False,2026-08-05T16:23:00+00:00,Айсанам De Luxe,5 из 12,,"свежий ремонт, новая мебель",частично,домофон,нет,"кровать, обеденный стол, кухонный гарнитур, диван","интернет, телевизор, стиральная машина, холодильник, микроволновая печь, посудомоечная машина, кондиционер, пылесос, посуда, лифт",разделен,2,"душевая кабина, ванна","во двор, на улицу",1,"семейной паре, некурящим, одному человеку",Елорда Курылыс Компаниясы,,,,,,,,,,
https://krisha.kz/a/show/693685165,"2-комнатная квартира · 80 м² · 3/7 этаж, Мәңгілік Ел 52 — Улы Дала",350000,51.092317850553,71.426789311797,693685165,arenda,kvartiry,2,80.0,11,False,False,monthly,"Астана, Есильский р-н","80 м², Площадь кухни — 16 м²",False,2026-08-05T16:23:00+00:00,Promenade Expo,3 из 7,,,полностью,"охрана, видеонаблюдение, консьерж",нет,"кровать, обеденный стол, шкаф для одежды, кухонный гарнитур, рабочий стол, диван","интернет, телевизор, стиральная машина, холодильник, микроволновая печь, пылесос, посуда, сушилка, кладовая, лифт",разделен,2,"душевая кабина, ванна","во двор, на улицу",2,"семейной паре, некурящим, одному человеку, можно с детьми",BI Group Юг,нет,,,,,,,,,
https://krisha.kz/a/show/1005211576,"7-комнатная квартира · 450 м² · 4/8 этаж, Кунаева — Возле Байтерека",2000000,51.12883309826,71.43578290607,1005211576,arenda,kvartiry,7,450.0,39,False,False,monthly,"Астана, Есильский р-н",450 м²,False,2026-08-05T16:23:00+00:00,Нурсая,4 из 8,,"не новый, но аккуратный и чистый ремонт",полностью,домофон,нет,"кровать, обеденный стол, шкаф для одежды, кухонный гарнитур, рабочий стол, диван","интернет, телевизор, стиральная машина, холодильник, посудомоечная машина, кондиционер, сушилка, кладовая, лифт",разделен,,"душевая кабина, ванна","во двор, на улицу",,"семейной паре, некурящим, можно с детьми",ТОО СК Элитстрой,1,,,,,,,,,
https://krisha.kz/a/show/1013680937,"1-комнатная квартира · 43 м² · 2/12 этаж, Бухар Жырау 27",250000,51.098710896195,71.440686673469,1013680937,arenda,kvartiry,1,43.0,8,False,False,monthly,"Астана, Есильский р-н",43 м²,False,2026-08-05T16:23:00+00:00,ZAMAN,2 из 12,,"свежий ремонт, новая мебель",полностью,видеодомофон,нет,"обеденный стол, шкаф для одежды, кухонный гарнитур, диван","интернет, стиральная машина, холодильник, сушилка, лифт",совмещен,1,ванна,во двор,,"семейной паре, одному человеку",SVOYDOM,1,,,,,,,,,
https://krisha.kz/a/show/1000692191,"2-комнатная квартира · 74.5 м² · 8/8 этаж, Мәңгілік Ел 29/1 — Орвнбор",350000,51.108240515034,71.428756896963,1000692191,arenda,kvartiry,2,74.5,19,False,False,monthly,"Астана, Есильский р-н","74.5 м², Площадь кухни — 18 м²",False,2026-08-05T16:23:00+00:00,Asyl Park,8 из 8,да,"свежий ремонт, новая мебель",полностью,"охрана, домофон, кодовый замок, видеонаблюдение",нет,"кровать, обеденный стол, шкаф для одежды, кухонный гарнитур, диван","интернет, телевизор, стиральная машина, холодильник, микроволновая печь, посудомоечная машина, кондиционер, пылесос, посуда, сушилка, лифт",совмещен,2,"душевая кабина, ванна",во двор,,"семейной паре, некурящим, одному человеку",ORDA INVEST,1,,,,,,,,,
https://krisha.kz/a/show/1014388612,"1-комнатная квартира · 40 м² · 8/10 этаж, Сокпакбаева 5 — Кумисбекова",250000,51.171802,71.399186,1014388612,arenda,kvartiry,1,40.0,13,False,False,monthly,"Астана, Сарыарка р-н","40 м², Площадь кухни — 14 м²",False,2026-08-05T16:23:00+00:00,,8 из 10,,"свежий ремонт, новая мебель",полностью,"решетки на окнах, охрана, домофон, кодовый замок, сигнализация, видеонаблюдение",нет,"кровать, обеденный стол, шкаф для одежды, кухонный гарнитур, рабочий стол, диван","интернет, телевизор, стиральная машина, холодильник, микроволновая печь, кондиционер, лифт",совмещен,1,ванна,во двор,1,"семейной паре, некурящим, одному человеку",,,,,,,,,,,
https://krisha.kz/a/show/1014026571,"2-комнатная квартира · 75 м², Кабанбай батыра 43В",320000,51.113063633858,71.406240463257,1014026571,arenda,kvartiry,2,75.0,5,False,False,monthly,"Астана, Есильский р-н","75 м², Площадь кухни — 12 м²",False,2026-08-05T16:23:00+00:00,Highvill Park,21,,,частично,домофон,,"шкаф для одежды, кухонный гарнитур",,совмещен,1,ванна,во двор,1,"семейной паре, одному человеку",Highvill,,,,,,,,,,
https://krisha.kz/a/show/1010630027,"2-комнатная квартира · 65 м² · 11/18 этаж, Е-36 2/1",300000,51.128204596981,71.38541221575,1010630027,arenda,kvartiry,2,65.0,5,False,False,monthly,"Астана, Нура р-н",65 м²,False,2026-08-05T16:23:00+00:00,Respublika,11 из 18,,"свежий ремонт, новая мебель",полностью,"решетки на окнах, охрана, домофон, кодовый замок, сигнализация, видеонаблюдение, видеодомофон",нет,"кровать, обеденный стол, шкаф для одежды, кухонный гарнитур, рабочий стол, диван","интернет, телевизор, стиральная машина, холодильник, кондиционер, пылесос, посуда, сушилка, лифт",совмещен,1,ванна,во двор,,семейной паре,SAT-NS,1,,,,,,,,,
https://krisha.kz/a/show/1002045790,"1-комнатная квартира · 30 м² · 3/6 этаж, Павлова 30",130000,51.182395,71.438801,1002045790,arenda,kvartiry,1,30.0,15,False,False,monthly,"Астана, Сарыарка р-н","30 м², Площадь кухни — 10 м²",False,2026-08-05T16:23:00+00:00,,3 из 6,,,полностью,"охрана, домофон, кодовый замок",да,"кровать, обеденный стол, шкаф для одежды","стиральная машина, холодильник, микроволновая печь, сушилка",совмещен,1,душевая кабина,"во двор, на улицу",,"семейной паре, некурящим, одному человеку",,,,,,,,,,,
https://krisha.kz/a/show/1014548328,"2-комнатная квартира · 65 м² · 2/9 этаж, Туран 55",300000,51.112727985316,71.397855903498,1014548328,arenda,kvartiry,2,65.0,5,False,False,monthly,"Астана, Есильский р-н",65 м²,False,2026-08-05T16:23:00+00:00,Сердце Столицы,2 из 9,,"свежий ремонт, новая мебель",полностью,"домофон, видеонаблюдение, видеодомофон",нет,"кровать, обеденный стол, шкаф для одежды, кухонный гарнитур, диван","интернет, стиральная машина, холодильник, микроволновая печь, пылесос, посуда, сушилка, лифт",совмещен,1,ванна,на улицу,1,"семейной паре, некурящим, одному человеку, можно с детьми",BI Group Юг,,,,,,,,,,
https://krisha.kz/a/show/1014042738,"3-комнатная квартира · 61 м² · 4/5 этаж, Конституции — С 3 августа!",270000,51.196910675265,71.389214906719,1014042738,arenda,kvartiry,3,61.0,19,False,False,monthly,"Астана, Сарыарка р-н",61 м²,False,2026-08-05T16:23:00+00:00,,4 из 5,,"не новый, но аккуратный и чистый ремонт",полностью,"домофон, сигнализация, видеонаблюдение",нет,"кровать, обеденный стол, шкаф для одежды, кухонный гарнитур, рабочий стол, диван","телевизор, стиральная машина, холодильник, микроволновая печь, сушилка",разделен,,ванна,"во двор, на улицу",,"семейной паре, некурящим, одному человеку",,1,,,,,,,,,
https://krisha.kz/a/show/1013896307,"9-комнатная квартира · 400 м², Сарыкенгир 2 — Акбулак -2",2200000,51.144303,71.447767,1013896307,arenda,kvartiry,9,400.0,77,False,False,monthly,"Астана, Алматы р-н","400 м², Площадь кухни — 30 м²",False,2026-08-05T16:23:00+00:00,,3,,"свежий ремонт, новая мебель",полностью,"охрана, сигнализация, видеонаблюдение, видеодомофон",,"кровать, обеденный стол, шкаф для одежды, кухонный гарнитур, рабочий стол, диван","интернет, телевизор, стиральная машина, холодильник, микроволновая печь, посудомоечная машина, кондиционер, пылесос, посуда, сушилка, кладовая",разделен,,,"во двор, на улицу",2,,,2,,,,,,,,,
https://krisha.kz/a/show/1014548050,"1-комнатная квартира · 38 м² · 9/16 этаж, Кайым Мухамедханов 12/3",220000,51.139237277845,71.3782584793,1014548050,arenda,kvartiry,1,38.0,5,False,False,monthly,"Астана, Нура р-н",38 м²,False,2026-08-05T16:23:00+00:00,Altyn Dala,9 из 16,,"не новый, но аккуратный и чистый ремонт",,,нет,,,,,,,,,ТОО «Kaz Business Solutions»,,,,,,,,,,
https://krisha.kz/a/show/1010881690,"2-комнатная квартира · 50 м² · 4/5 этаж, Ташенова 10 — Посольство РФ",200000,51.151891,71.435738,1010881690,arenda,kvartiry,2,50.0,9,False,False,monthly,"Астана, Алматы р-н",50 м²,False,2026-08-05T16:23:00+00:00,,4 из 5,,"не новый, но аккуратный и чистый ремонт",полностью,"домофон, видеонаблюдение",нет,"шкаф для одежды, кухонный гарнитур, рабочий стол, диван","интернет, телевизор, стиральная машина, холодильник, микроволновая печь, пылесос, сушилка",разделен,1,ванна,"во двор, на улицу",1,"семейной паре, некурящим, одному человеку, можно с детьми",,,,,,,,,,,
https://krisha.kz/a/show/692561707,"1-комнатная квартира · 40 м² · 5/16 этаж, Асфендиярова 5",220000,51.133322,71.38121,692561707,arenda,kvartiry,1,40.0,11,False,False,monthly,"Астана, Есильский р-н",40 м²,False,2026-08-05T16:23:00+00:00,Sat City,5 из 16,,"не новый, но аккуратный и чистый ремонт",полностью,"домофон, видеонаблюдение",нет,"обеденный стол, шкаф для одежды, кухонный гарнитур, рабочий стол, диван","интернет, телевизор, стиральная машина, холодильник, микроволновая печь, пылесос, сушилка, лифт",совмещен,1,ванна,во двор,,"семейной паре, некурящим, одному человеку",SAT-NS,1,,,,,,,,,
https://krisha.kz/a/show/1013911150,"2-комнатная квартира · 40 м² · 7/12 этаж, Улы Дала 42 — Мангилик ел",280000,51.098169653503,71.416258810057,1013911150,arenda,kvartiry,2,40.0,10,False,False,monthly,"Астана, Есильский р-н",40 м²,False,2026-08-05T16:23:00+00:00,Panorama Park,7 из 12,да,"свежий ремонт, новая мебель",полностью,"домофон, видеонаблюдение",нет,"кровать, обеденный стол, шкаф для одежды, кухонный гарнитур, рабочий стол, диван","интернет, телевизор, стиральная машина, холодильник, микроволновая печь, пылесос, сушилка, лифт",совмещен,,ванна,"во двор, на улицу",,"семейной паре, некурящим, одному человеку",BI Group Юг,1,,,,,,,,,
https://krisha.kz/a/show/1012063334,"2-комнатная квартира · 65 м² · 16/20 этаж, Ул.Темирбека Жургенова 19, блок 2 — Ул.Темирбека Жургенова - ул. Байтурсынова",250000,51.118438,71.501558,1012063334,arenda,kvartiry,2,65.0,13,False,False,monthly,"Астана, Сарайшык р-н","65 м², Площадь кухни — 12 м²",False,2026-08-05T16:23:00+00:00,A-City,16 из 20,,"свежий ремонт, новая мебель",полностью,"домофон, видеонаблюдение",нет,"кровать, обеденный стол, шкаф для одежды, кухонный гарнитур, рабочий стол, диван","интернет, стиральная машина, холодильник, лифт",совмещен,1,ванна,на улицу,,"семейной паре, некурящим, одному человеку",Qazaqstroy,1,,,,,,,,,
https://krisha.kz/a/show/1013470818,"3-комнатная квартира · 130 м² · 8/9 этаж, Умай Ана 14/1",900000,51.146536327822,71.385513456241,1013470818,arenda,kvartiry,3,130.0,20,False,False,monthly,"Астана, Нура р-н","130 м², Площадь кухни — 15 м²",False,2026-08-05T16:23:00+00:00,Аристократ,8 из 9,,"не новый, но аккуратный и чистый ремонт",полностью,,нет,"кровать, обеденный стол, шкаф для одежды, кухонный гарнитур, рабочий стол, диван","интернет, стиральная машина, микроволновая печь, посудомоечная машина, кондиционер, лифт",,,,,,,Султан,,,,,,,,,,
https://krisha.kz/a/show/1005533022,"3-комнатная квартира · 76 м² · 1/14 этаж, Казыбек би 35 — Вдоль проспекта Улы дала",350000,51.102029890847,71.384951040617,1005533022,arenda,kvartiry,3,76.0,26,False,False,monthly,"Астана, Нура р-н",76 м²,False,2026-08-05T16:23:00+00:00,Altyn Besik,1 из 14,,"свежий ремонт, новая мебель",полностью,"домофон, сигнализация, видеонаблюдение, видеодомофон",нет,"кровать, обеденный стол, шкаф для одежды, кухонный гарнитур, диван","интернет, стиральная машина, холодильник, микроволновая печь, пылесос, посуда, сушилка, кладовая, лифт",совмещен,1,ванна,во двор,1,"семейной паре, некурящим, одному человеку",BAZIS–А,нет,,,,,,,,,
https://krisha.kz/a/show/1014455162,"1-комнатная квартира · 40 м² · 1/12 этаж, Чингиз Айтматов",220000,51.159312003454,71.373764234908,1014455162,arenda,kvartiry,1,40.0,7,False,False,monthly,"Астана, Нура р-н","40 м², Площадь кухни — 12 м²",False,2026-08-05T16:23:00+00:00,Madrid,1 из 12,,"свежий ремонт, новая мебель",полностью,,нет,"кровать, обеденный стол, шкаф для одежды, кухонный гарнитур, диван",,совмещен,1,душевая кабина,во двор,1,"семейной паре, некурящим, одному человеку",G-Park,,,,,,,,,,
https://krisha.kz/a/show/1013748996,"2-комнатная квартира · 70 м² · 3/14 этаж, Мангилик Ел 47 — Бухар Жырау",350000,51.096549842613,71.424636191901,1013748996,arenda,kvartiry,2,70.0,5,False,False,monthly,"Астана, Есильский р-н",70 м²,False,2026-08-05T16:23:00+00:00,Dream City,3 из 14,,"свежий ремонт, новая мебель",,"охрана, домофон, сигнализация, видеонаблюдение, видеодомофон",нет,"кровать, обеденный стол, шкаф для одежды, кухонный гарнитур, рабочий стол, диван","интернет, телевизор, стиральная машина, холодильник, микроволновая печь, пылесос, посуда, сушилка, лифт",совмещен,1,"душевая кабина, ванна",на улицу,1,"семейной паре, некурящим",BI Group Юг,нет,,,,,,,,,
https://krisha.kz/a/show/1014547052,"1-комнатная квартира · 44.4 м² · 7/11 этаж, Жубан Молдагалиев 3",250000,51.126433730996,71.363986730466,1014547052,arenda,kvartiry,1,44.4,4,False,False,monthly,"Астана, Нура р-н",44.4 м²,False,2026-08-05T16:23:00+00:00,Delta,7 из 11,,"свежий ремонт, новая мебель",полностью,,нет,,,,,,,,,SAT-NS,,,,,,,,,,
https://krisha.kz/a/show/1014103502,"2-комнатная квартира · 65 м² · 10/16 этаж, Туркестан 18 — Аллея Улытау",354789,51.105191543045,71.423856128345,1014103502,arenda,kvartiry,2,65.0,82,False,False,monthly,"Астана, Есильский р-н","65 м², Площадь кухни — 10 м²",False,2026-08-05T16:23:00+00:00,Park Avenue,10 из 16,,"не новый, но аккуратный и чистый ремонт",полностью,"охрана, домофон, видеонаблюдение, видеодомофон",нет,"кровать, обеденный стол, шкаф для одежды, кухонный гарнитур, рабочий стол, диван","интернет, телевизор, стиральная машина, холодильник, микроволновая печь, пылесос, посуда, сушилка, лифт",совмещен,2,ванна,на улицу,,"семейной паре, некурящим, одному человеку",BI Group Юг,1,,,,,,,,,
https://krisha.kz/a/show/698941858,"3-комнатная квартира · 86 м² · 23/24 этаж, Калибек Куанышбаев 11/3 — Байтурсынова",350000,51.122843399173,71.477211216951,698941858,arenda,kvartiry,3,86.0,12,False,False,monthly,"Астана, Алматы р-н","86 м², Площадь кухни — 12 м²",False,2026-08-05T16:23:00+00:00,Millenium Park,23 из 24,,"не новый, но аккуратный и чистый ремонт",полностью,"решетки на окнах, домофон, видеонаблюдение, консьерж",нет,"кровать, обеденный стол, шкаф для одежды, кухонный гарнитур, диван","интернет, стиральная машина, холодильник, микроволновая печь, посудомоечная машина, пылесос, сушилка, лифт",разделен,2,ванна,на улицу,1,"семейной паре, некурящим, одному человеку",BAZIS–А,нет,,,,,,,,,
https://krisha.kz/a/show/1007642398,"2-комнатная квартира · 70 м² · 9/12 этаж, Нажмиденова 26/1",300000,51.11511285788,71.491946981103,1007642398,arenda,kvartiry,2,70.0,13,False,False,monthly,"Астана, Алматы р-н",70 м²,False,2026-08-05T16:23:00+00:00,Qobyz,9 из 12,,,полностью,,нет,,,совмещен,,ванна,,,"семейной паре, одному человеку",SVOYDOM,,,,,,,,,,
https://krisha.kz/a/show/1014163467,"2-комнатная квартира · 60 м² · 10 этаж, Туран 39а",400000,51.127681805749,71.403757397166,1014163467,arenda,kvartiry,2,60.0,8,False,False,monthly,"Астана, Нура р-н",60 м²,False,2026-08-05T16:23:00+00:00,Four Seasons,10,,"свежий ремонт, новая мебель",полностью,"охрана, кодовый замок, видеонаблюдение, видеодомофон",нет,"кровать, обеденный стол, шкаф для одежды, кухонный гарнитур, рабочий стол, диван","интернет, телевизор, стиральная машина, холодильник, микроволновая печь, посудомоечная машина, кондиционер, пылесос, посуда, сушилка, кладовая, лифт",совмещен,1,ванна,,1,,SAT-NS,,,,,,,,,,
https://krisha.kz/a/show/1014271196,"4-комнатная квартира · 155 м² · 17/20 этаж, Кенесары 65",400000,51.167518604177,71.441256438689,1014271196,arenda,kvartiry,4,155.0,17,False,False,monthly,"Астана, р-н Байконур",155 м²,False,2026-08-05T16:23:00+00:00,Эдем палас,17 из 20,,"не новый, но аккуратный и чистый ремонт",частично,,нет,"кровать, обеденный стол, шкаф для одежды, кухонный гарнитур, рабочий стол, диван","телевизор, стиральная машина, холодильник",,2,,,1,,Astana Trade International,1,,,,,,,,,
https://krisha.kz/a/show/1014313782,"2-комнатная квартира · 40 м² · 3/9 этаж, Е 797 2",300000,51.138314777418,71.378179663819,1014313782,arenda,kvartiry,2,40.0,6,False,False,monthly,"Астана, Нура р-н",40 м²,False,2026-08-05T16:23:00+00:00,Атамари,3 из 9,,"свежий ремонт, новая мебель",полностью,домофон,нет,"кровать, обеденный стол, кухонный гарнитур, диван","интернет, телевизор, стиральная машина, холодильник, микроволновая печь, кондиционер, посуда, лифт",совмещен,1,ванна,во двор,1,"семейной паре, некурящим, одному человеку",ЖСК Атамари,,,,,,,,,,
https://krisha.kz/a/show/1003332707,"1-комнатная квартира · 45 м², Турар Рыскулов 1",300000,51.087445355583,71.403193473161,1003332707,arenda,kvartiry,1,45.0,8,False,False,monthly,"Астана, Есильский р-н",45 м²,False,2026-08-05T16:23:00+00:00,Nexpo Classic,,,"свежий ремонт, новая мебель",,,нет,,,,,,,,,BI Group Юг,,,,,,,,,,
https://krisha.kz/a/show/681744632,"3-комнатная квартира · 100 м², К. Аманжолова 28/2 — Нажимеденова",400000,51.11965376137,71.475591659546,681744632,arenda,kvartiry,3,100.0,18,False,False,monthly,"Астана, Алматы р-н",100 м²,False,2026-08-05T16:23:00+00:00,Millenium Park,,,"свежий ремонт, новая мебель",,,нет,,,,,,,,,BAZIS–А,,,,,,,,,,
https://krisha.kz/a/show/1003264338,"5-комнатная квартира · 280 м², Туран 22/1",1500000,51.139842854301,71.41157234461,1003264338,arenda,kvartiry,5,280.0,7,False,False,monthly,"Астана, Есильский р-н",280 м²,False,2026-08-05T16:23:00+00:00,Grand Opera,,,"свежий ремонт, новая мебель",,,нет,,,,,,,,,BI Group Юг,,,,,,,,,,
https://krisha.kz/a/show/689242818,"3-комнатная квартира · 90 м² · 2/28 этаж, Нажимеденова 4 — Калдаякова",500000,51.120264,71.45887,689242818,arenda,kvartiry,3,90.0,30,False,False,monthly,"Астана, Алматы р-н",90 м²,False,2026-08-05T16:23:00+00:00,Highvill Ishim,2 из 28,да,"не новый, но аккуратный и чистый ремонт",полностью,"домофон, кодовый замок, видеонаблюдение",нет,"кровать, обеденный стол, шкаф для одежды, кухонный гарнитур, диван","интернет, телевизор, стиральная машина, холодильник, сушилка, лифт",разделен,3,ванна,"во двор, на улицу",,"семейной паре, можно с детьми",Highvill,1,,,,,,,,,
https://krisha.kz/a/show/1014285375,"2-комнатная квартира · 75 м² · 6 этаж, Мангилик Ел 68 — НОВАЯ",400000,51.074662,71.420826,1014285375,arenda,kvartiry,2,75.0,8,False,False,monthly,"Астана, Есильский р-н",75 м²,False,2026-08-05T16:23:00+00:00,Talmas,6,,"свежий ремонт, новая мебель",полностью,"охрана, кодовый замок, видеонаблюдение, видеодомофон",нет,"кровать, обеденный стол, шкаф для одежды, кухонный гарнитур, рабочий стол, диван","интернет, телевизор, стиральная машина, холодильник, микроволновая печь, посудомоечная машина, кондиционер, пылесос, посуда, сушилка, кладовая, лифт",совмещен,1,ванна,,1,,Sensata Group,,,,,,,,,,
https://krisha.kz/a/show/1014416102,"2-комнатная квартира · 45 м², Кенесары",220000,51.164720767236,71.455895119081,1014416102,arenda,kvartiry,2,45.0,6,False,False,monthly,"Астана, р-н Байконур",45 м²,False,2026-08-05T16:23:00+00:00,,,,,,,,,,,,,,,,,,,,,,,,,,
https://krisha.kz/a/show/761349141,"2-комнатная квартира · 53 м² · 12/12 этаж, Туран 41/1",300000,51.126518878949,71.401950433438,761349141,arenda,kvartiry,2,53.0,5,False,False,monthly,"Астана, Есильский р-н",53 м²,False,2026-08-05T16:23:00+00:00,Grand Turan Business,12 из 12,да,"свежий ремонт, новая мебель",полностью,"решетки на окнах, домофон, кодовый замок, сигнализация, видеонаблюдение, видеодомофон",нет,"кровать, обеденный стол, шкаф для одежды, кухонный гарнитур, рабочий стол, диван","интернет, телевизор, стиральная машина, холодильник, микроволновая печь, кондиционер, сушилка, лифт",совмещен,1,ванна,во двор,1,"семейной паре, некурящим, одному человеку",BI Group Юг,,,,,,,,,,
https://krisha.kz/a/show/1014484294,"1-комнатная квартира · 34 м² · 3/9 этаж, Е 446 36",160000,51.081245349721,71.468073462537,1014484294,arenda,kvartiry,1,34.0,16,False,False,monthly,"Астана, Есильский р-н",34 м²,False,2026-08-05T16:23:00+00:00,Jetisu.Aspan,3 из 9,,"свежий ремонт, новая мебель",частично,"домофон, кодовый замок",нет,"обеденный стол, диван","стиральная машина, холодильник, лифт",совмещен,,ванна,,,"семейной паре, некурящим, одному человеку",BI Group Север,1,,,,,,,,,
https://krisha.kz/a/show/762072842,"3-комнатная квартира · 84 м² · 3/9 этаж, Керей Жанибека 15 — Бокейхана Керей Жанибека",500000,51.113259012571,71.436997155595,762072842,arenda,kvartiry,3,84.0,26,False,False,monthly,"Астана, Есильский р-н","84 м², Площадь кухни — 13 м²",False,2026-08-05T16:23:00+00:00,Авиценна-2,3 из 9,,"не новый, но аккуратный и чистый ремонт",полностью,"домофон, видеонаблюдение",нет,"кровать, обеденный стол, шкаф для одежды, кухонный гарнитур, рабочий стол, диван","интернет, телевизор, стиральная машина, холодильник, микроволновая печь, посудомоечная машина, кондиционер, посуда, сушилка, лифт",разделен,2,ванна,"во двор, на улицу",,"семейной паре, некурящим, одному человеку",Стройинвест-СК ТОО,2,,,,,,,,,
https://krisha.kz/a/show/1013691260,"2-комнатная квартира · 70 м² · 2/10 этаж, Мусрепова 6",260000,51.152026,71.500902,1013691260,arenda,kvartiry,2,70.0,5,False,False,monthly,"Астана, Алматы р-н","70 м², Площадь кухни — 12 м²",False,2026-08-05T16:23:00+00:00,,2 из 10,,"свежий ремонт, новая мебель",полностью,"домофон, видеонаблюдение",нет,"обеденный стол, шкаф для одежды, кухонный гарнитур, диван","интернет, телевизор, стиральная машина, холодильник, пылесос, сушилка, лифт",совмещен,1,ванна,на улицу,1,"семейной паре, некурящим, одному человеку, можно с животными, можно с детьми",,,,,,,,,,,
https://krisha.kz/a/show/1014355925,"3-комнатная квартира · 193 м² · 1/6 этаж, Токырауын 10",1900000,51.142776040634,71.45149206447,1014355925,arenda,kvartiry,3,193.0,17,False,False,monthly,"Астана, Алматы р-н",193 м²,False,2026-08-05T16:23:00+00:00,Парижский квартал,1 из 6,,"не новый, но аккуратный и чистый ремонт",полностью,"решетки на окнах, охрана, кодовый замок, видеонаблюдение, консьерж",нет,"кровать, обеденный стол, шкаф для одежды, кухонный гарнитур, рабочий стол, диван","интернет, телевизор, стиральная машина, холодильник, микроволновая печь, посудомоечная машина, кондиционер, пылесос, посуда, сушилка","разделен, совмещен",3,"душевая кабина, ванна",во двор,2,"семейной паре, некурящим, одному человеку, можно с животными, можно с детьми",BI Group Юг,2,,,,,,,,,
https://krisha.kz/a/show/1014416232,"2-комнатная квартира · 45 м², Молдагалиева",230000,51.126198962086,71.366046453086,1014416232,arenda,kvartiry,2,45.0,8,False,False,monthly,"Астана, Есильский р-н",45 м²,False,2026-08-05T16:23:00+00:00,,,,,,,,,,,,,,,,,,,,,,,,,,
https://krisha.kz/a/show/1014427091,"1-комнатная квартира · 24 м² · 10/11 этаж, Коргалжынское шоссе 37 — Айтматова",180000,51.148665,71.357459,1014427091,arenda,kvartiry,1,24.0,7,False,False,monthly,"Астана, Нура р-н",24 м²,False,2026-08-05T16:23:00+00:00,,10 из 11,да,,полностью,,,,,,,,,,,,,,,,,,,,,
https://krisha.kz/a/show/1014051646,"2-комнатная квартира · 75 м², Туран",350000,51.113411181279,71.402002360248,1014051646,arenda,kvartiry,2,75.0,9,False,False,monthly,"Астана, Есильский р-н",75 м²,False,2026-08-05T16:23:00+00:00,,,,,,,,,,,,,,,,,,,,,,,,,,
https://krisha.kz/a/show/1012354724,"2-комнатная квартира · 50 м², Просп. Туран 39/3",380000,51.129602164028,71.401423,1012354724,arenda,kvartiry,2,50.0,9,False,False,monthly,"Астана, Нура р-н",50 м²,False,2026-08-05T16:23:00+00:00,,,да,"свежий ремонт, новая мебель",полностью,"охрана, домофон, кодовый замок, сигнализация, видеонаблюдение, видеодомофон, консьерж",нет,"кровать, шкаф для одежды, кухонный гарнитур, рабочий стол, диван","интернет, телевизор, стиральная машина, холодильник, микроволновая печь, посудомоечная машина, кондиционер, пылесос, сушилка, лифт",совмещен,1,ванна,на улицу,1,"семейной паре, некурящим, одному человеку, можно с животными, можно с детьми",,нет,,,,,,,,,
https://krisha.kz/a/show/1014488013,"2-комнатная квартира · 50 м² · 2/2 этаж, Тюлькибас 23",190000,51.139641,71.497551,1014488013,arenda,kvartiry,2,50.0,10,False,False,monthly,"Астана, Алматы р-н",50 м²,False,2026-08-05T16:23:00+00:00,,2 из 2,,"не новый, но аккуратный и чистый ремонт",полностью,,,"кровать, обеденный стол, шкаф для одежды, кухонный гарнитур","стиральная машина, холодильник",совмещен,1,ванна,,,,,,,,,,,,,,
https://krisha.kz/a/show/1014474409,"2-комнатная квартира · 45 м² · 2/10 этаж, Бокейхана 10 — Керей Жанибек хандар",220000,51.114045,71.438936,1014474409,arenda,kvartiry,2,45.0,10,False,False,monthly,"Астана, Есильский р-н",45 м²,False,2026-08-05T16:23:00+00:00,,2 из 10,да,,полностью,,,,,,,,,,,,,,,,,,,,,
https://krisha.kz/a/show/1014486249,"1-комнатная квартира · 40 м² · 14/17 этаж, Шаймерденова 4/3",170000,51.107853,71.532891,1014486249,arenda,kvartiry,1,40.0,7,False,False,monthly,"Астана, Сарайшык р-н",40 м²,False,2026-08-05T16:23:00+00:00,,14 из 17,,"не новый, но аккуратный и чистый ремонт",полностью,"домофон, видеонаблюдение",,"обеденный стол, шкаф для одежды, кухонный гарнитур, диван","интернет, стиральная машина, холодильник, лифт",совмещен,1,ванна,на улицу,,"семейной паре, одному человеку",,1,,,,,,,,,
https://krisha.kz/a/show/1014363483,"2-комнатная квартира · 42 м² · 5/9 этаж, Казыбек Би 7а — Хан-Шатыр",280000,51.119515439298,71.392192812116,1014363483,arenda,kvartiry,2,42.0,7,False,False,monthly,"Астана, Нура р-н",42 м²,False,2026-08-05T16:23:00+00:00,Кок жайлау,5 из 9,да,"не новый, но аккуратный и чистый ремонт",полностью,"решетки на окнах, охрана, домофон, сигнализация, видеодомофон, консьерж",нет,"кровать, обеденный стол, шкаф для одежды, кухонный гарнитур, рабочий стол, диван","интернет, телевизор, стиральная машина, холодильник, микроволновая печь, кондиционер, пылесос, сушилка, лифт",совмещен,1,ванна,на улицу,1,"семейной паре, одному человеку",Sensata Group,,,,,,,,,,
https://krisha.kz/a/show/1014422981,"1-комнатная квартира · 45 м² · 7/9 этаж, Бектурова 1/1 — Сыганак",230000,51.130038,71.398521,1014422981,arenda,kvartiry,1,45.0,8,False,False,monthly,"Астана, Нура р-н",45 м²,False,2026-08-05T16:23:00+00:00,,7 из 9,,,полностью,,,,,,,,,,,,,,,,,,,,,
https://krisha.kz/a/show/1014162026,"1-комнатная квартира · 46 м² · 13/23 этаж, Шаймерденова 8",200000,51.112364268758,71.536746025085,1014162026,arenda,kvartiry,1,46.0,7,False,False,monthly,"Астана, Сарайшык р-н","46 м², Площадь кухни — 14 м²",False,2026-08-05T16:23:00+00:00,Томирис,13 из 23,,"не новый, но аккуратный и чистый ремонт",,,нет,,,,,,,,,Оркен ЖСК,,,,,,,,,,
https://krisha.kz/a/show/1014023522,"2-комнатная квартира · 60 м², Караменди Би Шакаулы 9/1",250000,51.173065161828,71.367406719352,1014023522,arenda,kvartiry,2,60.0,8,False,False,monthly,"Астана, Сарыарка р-н",60 м²,False,2026-08-05T16:23:00+00:00,,,,,,,,,,,,,,,,,,,,,,,,,,
https://krisha.kz/a/show/1014021604,"2-комнатная квартира · 50 м², Богенбай батыра",170000,51.178439474375,71.425308844868,1014021604,arenda,kvartiry,2,50.0,6,False,False,monthly,"Астана, Сарыарка р-н",50 м²,False,2026-08-05T16:23:00+00:00,,,,,,,,,,,,,,,,,,,,,,,,,,
https://krisha.kz/a/show/1014280470,"3-комнатная квартира · 67 м² · 8/12 этаж, Е 103 5б",300000,51.080904,71.380932,1014280470,arenda,kvartiry,3,67.0,8,False,False,monthly,"Астана, Нура р-н",67 м²,False,2026-08-05T16:23:00+00:00,SPACE PLUS,8 из 12,да,"свежий ремонт, новая мебель",полностью,"решетки на окнах, охрана, домофон, кодовый замок, видеонаблюдение, видеодомофон, консьерж",нет,"кровать, обеденный стол, шкаф для одежды, кухонный гарнитур, диван","интернет, стиральная машина, холодильник, микроволновая печь, посуда, сушилка, лифт",разделен,1,ванна,"во двор, на улицу",1,,BI Group Север,,,,,,,,,,
https://krisha.kz/a/show/1014050880,"1-комнатная квартира · 40 м², Шугыла 17",180000,51.179751083381,71.350614196745,1014050880,arenda,kvartiry,1,40.0,6,False,False,monthly,"Астана, Сарыарка р-н",40 м²,False,2026-08-05T16:23:00+00:00,,,,,,,,,,,,,,,,,,,,,,,,,,
https://krisha.kz/a/show/1014127347,"1-комнатная квартира · 44 м² · 9/12 этаж, Сыганак 1 — Айтматова",210000,51.13291,71.36602,1014127347,arenda,kvartiry,1,44.0,8,False,False,monthly,"Астана, Нура р-н",44 м²,False,2026-08-05T16:23:00+00:00,,9 из 12,,,полностью,,,,,,,,,,,,,,,,,,,,,
https://krisha.kz/a/show/1014416880,"1-комнатная квартира · 40 м², Бухар Жырау",250000,51.098812679396,71.440316534967,1014416880,arenda,kvartiry,1,40.0,6,False,False,monthly,"Астана, Есильский р-н",40 м²,False,2026-08-05T16:23:00+00:00,,,,,,,,,,,,,,,,,,,,,,,,,,
https://krisha.kz/a/show/692470652,"2-комнатная квартира · 50 м² · 10/17 этаж, М. Габдуллина 11",250000,51.161493694138,71.432257550187,692470652,arenda,kvartiry,2,50.0,10,False,False,monthly,"Астана, р-н Байконур",50 м²,False,2026-08-05T16:23:00+00:00,Сан сити,10 из 17,да,"свежий ремонт, новая мебель",полностью,"кодовый замок, видеонаблюдение",нет,"кровать, обеденный стол, шкаф для одежды, кухонный гарнитур, рабочий стол, диван","интернет, телевизор, стиральная машина, холодильник, микроволновая печь, посуда, лифт",совмещен,1,ванна,во двор,1,"семейной паре, некурящим, одному человеку, можно с детьми",Тамыз Инвест Групп,нет,,,,,,,,,
https://krisha.kz/a/show/1014341072,"2-комнатная квартира · 52.2 м² · 4/9 этаж, Кажымукана 20",300000,51.155314,71.472901,1014341072,arenda,kvartiry,2,52.2,17,False,False,monthly,"Астана, Алматы р-н","52.2 м², Площадь кухни — 8.4 м²",False,2026-08-05T16:23:00+00:00,,4 из 9,,"не новый, но аккуратный и чистый ремонт",полностью,домофон,нет,"кровать, обеденный стол, шкаф для одежды, кухонный гарнитур, рабочий стол, диван","телевизор, стиральная машина, холодильник, пылесос, сушилка, лифт",разделен,1,ванна,на улицу,1,"семейной паре, некурящим, одному человеку, можно с детьми",,,,,,,,,,,
https://krisha.kz/a/show/1014565067,"3-комнатная квартира · 84 м² · 5 этаж, Шапық Шөкин 9",330000,51.121193909314,71.378436608828,1014565067,arenda,kvartiry,3,84.0,14,False,False,monthly,Астана,84 м²,False,2026-08-05T16:23:00+00:00,,5,,,частично,домофон,нет,,,разделен,2,ванна,,1,"семейной паре, можно с детьми",,,,,,,,,,,
https://krisha.kz/a/show/1014525017,"1-комнатная квартира · 40 м² · 16/17 этаж, А. Байтурсынова 32/1",180000,51.112251121166,71.52721740739,1014525017,arenda,kvartiry,1,40.0,15,False,False,monthly,"Астана, Алматы р-н","40 м², Площадь кухни — 10 м²",False,2026-08-05T16:23:00+00:00,Qazaq Eli Kulan,16 из 17,,"не новый, но аккуратный и чистый ремонт",полностью,,нет,"кровать, обеденный стол","интернет, телевизор, микроволновая печь, посудомоечная машина, лифт",совмещен,1,ванна,на улицу,1,"семейной паре, одному человеку",ULYTAU GROUP,,,,,,,,,,
https://krisha.kz/a/show/1013617762,"2-комнатная квартира · 47 м² · 3/12 этаж, Бейбарыс Султан 25/2",230000,51.173405,71.356156,1013617762,arenda,kvartiry,2,47.0,21,False,False,monthly,"Астана, Сарыарка р-н","47 м², Площадь кухни — 12 м²",False,2026-08-05T16:23:00+00:00,Rio de Janeiro,3 из 12,да,"не новый, но аккуратный и чистый ремонт",полностью,,,"кровать, обеденный стол, шкаф для одежды, кухонный гарнитур, рабочий стол, диван","интернет, телевизор, стиральная машина, холодильник, микроволновая печь, посудомоечная машина, кондиционер, пылесос, посуда, сушилка, кладовая, лифт",,,ванна,"во двор, на улицу",,"семейной паре, некурящим, одному человеку, можно с детьми",G-Park,1,,,,,,,,,
https://krisha.kz/a/show/1012458833,"3-комнатная квартира · 100 м², проспект Мангилик Ел участок 41",650000,51.101084326552,71.42802350657,1012458833,arenda,kvartiry,3,100.0,7,False,False,monthly,"Астана, Есильский р-н",100 м²,False,2026-08-05T16:23:00+00:00,S Club,9,,,полностью,,нет,,,,,,,,,Sensata Group,,,,,,,,,,
https://krisha.kz/a/show/1012419927,"3-комнатная квартира · 100 м² · 2 этаж, ул. Турара Рыскулова 1Б",650000,51.087170121696,71.403978023394,1012419927,arenda,kvartiry,3,100.0,5,False,False,monthly,"Астана, Нура р-н",100 м²,False,2026-08-05T16:23:00+00:00,,2,,,полностью,,,,,,,,,,,,,,,,,,,,,
https://krisha.kz/a/show/674741154,"3-комнатная квартира · 140 м² · 4/10 этаж, Калдаякова 4",650000,51.118184,71.457091,674741154,arenda,kvartiry,3,140.0,7,False,False,monthly,"Астана, Алматы р-н","140 м², Площадь кухни — 15 м²",False,2026-08-05T16:23:00+00:00,Akbulak Town,4 из 10,,"свежий ремонт, новая мебель",полностью,"домофон, видеонаблюдение",нет,"кровать, обеденный стол, шкаф для одежды, кухонный гарнитур, рабочий стол, диван","интернет, телевизор, стиральная машина, холодильник, микроволновая печь, кондиционер, пылесос, посуда, сушилка, лифт",совмещен,1,ванна,"во двор, на улицу",1,"семейной паре, некурящим, одному человеку, можно с животными, можно с детьми",BI Group Юг,1,кирпичный,2018,да,металлическая,отдельный,проводной,рядом охраняемая стоянка,ламинат,2.7 м
https://krisha.kz/a/show/1014417832,"2-комнатная квартира · 45 м², Молдагалиева",260000,51.126641046488,71.364073407706,1014417832,arenda,kvartiry,2,45.0,6,False,False,monthly,"Астана, Есильский р-н",45 м²,False,2026-08-05T16:23:00+00:00,,18,,,,,,,,,,,,,,,,,,,,,,,,
https://krisha.kz/a/show/1014569304,"1-комнатная квартира · 50 м² · 16/18 этаж, Туран 52 — №26",300000,51.10521298711,71.3978990112,1014569304,arenda,kvartiry,1,50.0,9,False,False,monthly,"Астана, Нура р-н",50 м²,False,2026-08-05T16:23:00+00:00,Sport Towers,16 из 18,,"свежий ремонт, новая мебель",полностью,домофон,нет,"обеденный стол, шкаф для одежды, кухонный гарнитур, диван","телевизор, стиральная машина, холодильник, микроволновая печь, пылесос, кладовая, лифт",совмещен,1,ванна,на улицу,1,"семейной паре, некурящим, одному человеку",ORDA INVEST,,,,,,,,,,
https://krisha.kz/a/show/1014420307,"2-комнатная квартира · 45 м² · 5/9 этаж, Бухар жырау 57/6 — Ботанический Сад, Астана Арена",350000,51.105651802661,71.391191837976,1014420307,arenda,kvartiry,2,45.0,8,False,False,monthly,"Астана, Нура р-н",45 м²,False,2026-08-05T16:23:00+00:00,Arena Style,5 из 9,,"свежий ремонт, новая мебель",полностью,"решетки на окнах, охрана, домофон, кодовый замок, сигнализация, видеонаблюдение, видеодомофон, консьерж",нет,"кровать, обеденный стол, шкаф для одежды, кухонный гарнитур, рабочий стол, диван","интернет, телевизор, стиральная машина, холодильник, микроволновая печь, кондиционер, пылесос, посуда, сушилка, лифт",совмещен,1,ванна,во двор,1,"семейной паре, одному человеку",BI Group Север,,,,,,,,,,
https://krisha.kz/a/show/1014058720,"2-комнатная квартира · 40 м², Сыганак",260000,51.129642215411,71.373199523045,1014058720,arenda,kvartiry,2,40.0,7,False,False,monthly,"Астана, Есильский р-н",40 м²,False,2026-08-05T16:23:00+00:00,,,,,,,,,,,,,,,,,,,,,,,,,,
https://krisha.kz/a/show/1005478198,"2-комнатная квартира · 65 м² · 4 этаж, Бокейхана 25 — Алихана Бокейханова 25В",350000,51.086504442638,71.430725416144,1005478198,arenda,kvartiry,2,65.0,9,False,False,monthly,"Астана, Есильский р-н",65 м²,False,2026-08-05T16:23:00+00:00,Apple City,4,,"свежий ремонт, новая мебель",полностью,"домофон, кодовый замок, сигнализация, видеонаблюдение",нет,"кровать, обеденный стол, шкаф для одежды, кухонный гарнитур, рабочий стол, диван","интернет, телевизор, стиральная машина, холодильник, микроволновая печь, сушилка, кладовая, лифт",совмещен,1,ванна,"во двор, на улицу",,"семейной паре, некурящим, одному человеку",SAT-NS,1,,,,,,,,,
https://krisha.kz/a/show/1014558564,"1-комнатная квартира · 40 м², Кобыланды Батыра 7",300000,51.155060906807,71.520943674097,1014558564,arenda,kvartiry,1,40.0,0,False,False,monthly,"Астана, Алматы р-н",40 м²,False,2026-08-05T16:23:00+00:00,,,,,,,,,,,,,,,,,,,,,,,,,,
https://krisha.kz/a/show/1014231869,"1-комнатная квартира · 38 м² · 11/12 этаж, Тауелсыздык 25/1 — Куйши дина",240000,51.14324,71.459058,1014231869,arenda,kvartiry,1,38.0,6,False,False,monthly,"Астана, Алматы р-н",38 м²,False,2026-08-05T16:23:00+00:00,,11 из 12,,"свежий ремонт, новая мебель",полностью,,нет,"обеденный стол, шкаф для одежды, кухонный гарнитур, диван","стиральная машина, холодильник, микроволновая печь, сушилка, лифт",совмещен,,ванна,,1,"семейной паре, одному человеку",,,,,,,,,,,
https://krisha.kz/a/show/1014575016,"2-комнатная квартира · 60 м² · 4/9 этаж, Е 652",300000,51.054671714876,71.427296832572,1014575016,arenda,kvartiry,2,60.0,20,False,False,monthly,"Астана, Есильский р-н","60 м², Площадь кухни — 9 м²",False,2026-08-05T16:23:00+00:00,AruPark,4 из 9,,"свежий ремонт, новая мебель",полностью,"охрана, домофон, кодовый замок",нет,"кровать, обеденный стол, шкаф для одежды, кухонный гарнитур, диван","интернет, телевизор, стиральная машина, холодильник, микроволновая печь, пылесос, посуда, лифт",совмещен,1,ванна,"во двор, на улицу",1,"семейной паре, некурящим, одному человеку",BI Group Север,,,,,,,,,,
https://krisha.kz/a/show/1014023462,"1-комнатная квартира · 40 м², Молдагалиева 1",300000,51.12744449172,71.360343457421,1014023462,arenda,kvartiry,1,40.0,0,False,False,monthly,"Астана, Есильский р-н",40 м²,False,2026-08-05T16:23:00+00:00,,,,,,,,,,,,,,,,,,,,,,,,,,
https://krisha.kz/a/show/697302587,"1-комнатная квартира · 30 м² · 10/22 этаж, Нажимеденова 10/2 — Тауелсиздик - Жумекен Нажимеденов",160000,51.119761,71.466182,697302587,arenda,kvartiry,1,30.0,11,False,False,monthly,"Астана, Алматы р-н",30 м²,False,2026-08-05T16:23:00+00:00,Гранд Астана,10 из 22,да,"не новый, но аккуратный и чистый ремонт",полностью,"охрана, домофон, видеонаблюдение",нет,"обеденный стол, шкаф для одежды, кухонный гарнитур, диван","стиральная машина, холодильник, пылесос, посуда, сушилка, лифт",совмещен,1,ванна,на улицу,1,"семейной паре, одному человеку, можно с детьми",Меркурий и К,,,,,,,,,,
https://krisha.kz/a/show/1014487469,"1-комнатная квартира · 27 м² · 10/16 этаж, Тлендиева 15/4",150000,51.178589,71.376899,1014487469,arenda,kvartiry,1,27.0,3,False,False,monthly,"Астана, Сарыарка р-н",27 м²,False,2026-08-05T16:23:00+00:00,,10 из 16,да,,полностью,,,,,,,,,,,,,,,,,,,,,
https://krisha.kz/a/show/1014319024,"1-комнатная квартира · 50 м² · 4/12 этаж, Шаймерден Косшыгулулы 7",180000,51.167578718452,71.390025269502,1014319024,arenda,kvartiry,1,50.0,6,False,False,monthly,"Астана, Сарыарка р-н",50 м²,False,2026-08-05T16:23:00+00:00,Сапа 2007,4 из 12,,,полностью,,нет,,,,,,,,,Ромул,,,,,,,,,,
https://krisha.kz/a/show/1014092753,"4-комнатная квартира · 142 м² · 3/9 этаж, Анатолия Храпатого 7 — Панфилова",700000,51.114549828179,71.45655130026,1014092753,arenda,kvartiry,4,142.0,17,False,False,monthly,"Астана, Алматы р-н","142 м², Площадь кухни — 16 м²",False,2026-08-05T16:23:00+00:00,London,3 из 9,,,,"охрана, видеонаблюдение, видеодомофон, консьерж",нет,,,,3,,,,,BAZIS–А,,,,,,,,,,
https://krisha.kz/a/show/1014476073,"2-комнатная квартира · 57 м² · 5/7 этаж, Мәңгілік Ел 21 — Керей Жанибек Хандыр",280000,51.112623585398,71.432084282194,1014476073,arenda,kvartiry,2,57.0,20,False,False,monthly,"Астана, Есильский р-н",57 м²,False,2026-08-05T16:23:00+00:00,Айсанам De Luxe,5 из 7,,,,,нет,,,,,,,,,Елорда Курылыс Компаниясы,,,,,,,,,,
https://krisha.kz/a/show/1014060324,"2-комнатная квартира · 40 м², Кенесары 62",240000,51.165096967935,71.454129640309,1014060324,arenda,kvartiry,2,40.0,4,False,False,monthly,"Астана, р-н Байконур",40 м²,False,2026-08-05T16:23:00+00:00,,,,,,,,,,,,,,,,,,,,,,,,,,
https://krisha.kz/a/show/1014021882,"2-комнатная квартира · 45 м², Кошкарбаева",220000,51.129860894598,71.495598116464,1014021882,arenda,kvartiry,2,45.0,3,False,False,monthly,"Астана, Алматы р-н",45 м²,False,2026-08-05T16:23:00+00:00,,,,,,,,,,,,,,,,,,,,,,,,,,
https://krisha.kz/a/show/1014549890,"2-комнатная квартира · 56 м² · 3/17 этаж, Туран 52/2, 52/3 — Бухар Жырау",330000,51.104566046182,71.399554480031,1014549890,arenda,kvartiry,2,56.0,15,False,False,monthly,"Астана, Есильский р-н",56 м²,False,2026-08-05T16:23:00+00:00,BUQAR JYRAU EXCLUSIVE 2,3 из 17,,"свежий ремонт, новая мебель",полностью,"кодовый замок, видеонаблюдение, видеодомофон",,"обеденный стол, шкаф для одежды, кухонный гарнитур, диван","телевизор, стиральная машина, холодильник, кондиционер, посуда, лифт",совмещен,1,ванна,на улицу,1,"семейной паре, одному человеку, можно с детьми",ULYTAU GROUP,,,,,,,,,,
https://krisha.kz/a/show/1014519219,"2-комнатная квартира · 75 м² · 10/12 этаж, Нуршайыкова 6",300000,51.13018,71.361771,1014519219,arenda,kvartiry,2,75.0,11,False,False,monthly,"Астана, Нура р-н",75 м²,False,2026-08-05T16:23:00+00:00,,10 из 12,,"свежий ремонт, новая мебель",полностью,"домофон, видеонаблюдение",,"обеденный стол, шкаф для одежды, кухонный гарнитур, диван","интернет, стиральная машина, холодильник, лифт",разделен,1,ванна,на улицу,,"семейной паре, одному человеку, можно с детьми",,1,,,,,,,,,
https://krisha.kz/a/show/1003502909,"2-комнатная квартира · 60 м² · 8/21 этаж, Туран 39а",450000,51.127681805749,71.403757397166,1003502909,arenda,kvartiry,2,60.0,7,False,False,monthly,"Астана, Нура р-н",60 м²,False,2026-08-05T16:23:00+00:00,Four Seasons,8 из 21,да,"свежий ремонт, новая мебель",полностью,"охрана, домофон, кодовый замок, сигнализация, видеонаблюдение, видеодомофон, консьерж",нет,"кровать, обеденный стол, шкаф для одежды, кухонный гарнитур, рабочий стол, диван","интернет, телевизор, стиральная машина, холодильник, микроволновая печь, посудомоечная машина, кондиционер, пылесос, посуда, сушилка, лифт",совмещен,1,ванна,"во двор, на улицу",,"семейной паре, некурящим, одному человеку",SAT-NS,,,,,,,,,,
https://krisha.kz/a/show/760927839,"3-комнатная квартира · 90 м² · 2/21 этаж, Мангилик Ел 59",650000,51.084432322092,71.421619437085,760927839,arenda,kvartiry,3,90.0,9,False,False,monthly,"Астана, Есильский р-н",90 м²,False,2026-08-05T16:23:00+00:00,Nexpo Union,2 из 21,,"свежий ремонт, новая мебель",полностью,"охрана, домофон, кодовый замок, сигнализация, видеонаблюдение, видеодомофон, консьерж",нет,"кровать, обеденный стол, шкаф для одежды, кухонный гарнитур, рабочий стол, диван","интернет, телевизор, стиральная машина, холодильник, микроволновая печь, посудомоечная машина, пылесос, сушилка, лифт",совмещен,1,душевая кабина,"во двор, на улицу",1,"семейной паре, некурящим, одному человеку, можно с животными, можно с детьми",BI Group Юг,,,,,,,,,,
https://krisha.kz/a/show/1008976053,"2-комнатная квартира · 70 м² · 11 этаж, Туран 39а",450000,51.127681805749,71.403757397166,1008976053,arenda,kvartiry,2,70.0,10,False,False,monthly,"Астана, Нура р-н",70 м²,False,2026-08-05T16:23:00+00:00,Four Seasons,11,,"свежий ремонт, новая мебель",полностью,"охрана, домофон, кодовый замок, сигнализация, видеонаблюдение, видеодомофон, консьерж",нет,"кровать, обеденный стол, шкаф для одежды, кухонный гарнитур, рабочий стол, диван","интернет, телевизор, стиральная машина, холодильник, микроволновая печь, посудомоечная машина, кондиционер, пылесос, посуда, сушилка, лифт",совмещен,1,ванна,"во двор, на улицу",1,"семейной паре, некурящим, одному человеку, можно с животными, можно с детьми",SAT-NS,,,,,,,,,,
https://krisha.kz/a/show/689188600,"2-комнатная квартира · 55 м² · 6/12 этаж, мкр Комсомольский, Сарайшык 2 — Кунаева",430000,51.135389019768,71.418658300577,689188600,arenda,kvartiry,2,55.0,7,False,False,monthly,"Астана, Есильский р-н",55 м²,False,2026-08-05T16:23:00+00:00,Atlant,6 из 12,да,,полностью,"охрана, домофон, кодовый замок, сигнализация, видеонаблюдение, видеодомофон, консьерж",нет,"кровать, обеденный стол, шкаф для одежды, кухонный гарнитур, рабочий стол, диван","интернет, телевизор, стиральная машина, холодильник, микроволновая печь, кондиционер, пылесос, сушилка, лифт",совмещен,1,ванна,во двор,1,"семейной паре, некурящим, одному человеку, можно с детьми",BI Group Север,,,,,,,,,,
https://krisha.kz/a/show/697466294,"2-комнатная квартира · 72 м² · 9/12 этаж, Сарайшык 2 — Кунаева",550000,51.135389019768,71.418658300577,697466294,arenda,kvartiry,2,72.0,10,False,False,monthly,"Астана, Есильский р-н",72 м²,False,2026-08-05T16:23:00+00:00,Atlant,9 из 12,,"свежий ремонт, новая мебель",полностью,"охрана, домофон, кодовый замок, сигнализация, видеонаблюдение, видеодомофон, консьерж",нет,"кровать, обеденный стол, шкаф для одежды, кухонный гарнитур, рабочий стол, диван","интернет, телевизор, стиральная машина, холодильник, микроволновая печь, посудомоечная машина, кондиционер, пылесос, посуда, сушилка, лифт",совмещен,1,душевая кабина,"во двор, на улицу",1,"семейной паре, некурящим, одному человеку, можно с животными, можно с детьми",BI Group Север,,,,,,,,,,
https://krisha.kz/a/show/1014021754,"1-комнатная квартира · 50 м², Момышулы",190000,51.139273902069,71.473930805315,1014021754,arenda,kvartiry,1,50.0,6,False,False,monthly,"Астана, Алматы р-н",50 м²,False,2026-08-05T16:23:00+00:00,,,,,,,,,,,,,,,,,,,,,,,,,,
https://krisha.kz/a/show/1014417897,"1-комнатная квартира · 40 м², Е-915",170000,51.086351620984,71.464198739296,1014417897,arenda,kvartiry,1,40.0,5,False,False,monthly,"Астана, Есильский р-н",40 м²,False,2026-08-05T16:23:00+00:00,,,,,,,,,,,,,,,,,,,,,,,,,,
https://krisha.kz/a/show/1014023603,"2-комнатная квартира · 60 м², Сембинова 9",260000,51.169665827051,71.448871999759,1014023603,arenda,kvartiry,2,60.0,6,False,False,monthly,"Астана, р-н Байконур",60 м²,False,2026-08-05T16:23:00+00:00,,,,,,,,,,,,,,,,,,,,,,,,,,
https://krisha.kz/a/show/1014022481,"3-комнатная квартира · 80 м², Бухар Жырау 32/1",500000,51.098943640451,71.43402380742,1014022481,arenda,kvartiry,3,80.0,11,False,False,monthly,"Астана, Есильский р-н",80 м²,False,2026-08-05T16:23:00+00:00,,,,,,,,,,,,,,,,,,,,,,,,,,
https://krisha.kz/a/show/1000529631,"2-комнатная квартира · 70 м² · 16/17 этаж, Сарайшык 8 — Кунаева",700000,51.135018,71.421212,1000529631,arenda,kvartiry,2,70.0,36,False,False,monthly,"Астана, Есильский р-н",70 м²,False,2026-08-05T16:23:00+00:00,Atlant,16 из 17,,"свежий ремонт, новая мебель",полностью,"охрана, домофон, кодовый замок, сигнализация, видеонаблюдение, видеодомофон",нет,"кровать, обеденный стол, шкаф для одежды, кухонный гарнитур, рабочий стол, диван","интернет, телевизор, стиральная машина, холодильник, микроволновая печь, посудомоечная машина, кондиционер, пылесос, посуда, сушилка, кладовая, лифт",совмещен,1,"душевая кабина, ванна",на улицу,,"семейной паре, некурящим, одному человеку",BI Group Север,1,,,,,,,,,
https://krisha.kz/a/show/1013465475,"1-комнатная квартира · 40 м² · 4/7 этаж, А.Байтурсынова 53",200000,51.116712988558,71.523953707499,1013465475,arenda,kvartiry,1,40.0,4,False,False,monthly,"Астана, Алматы р-н",40 м²,False,2026-08-05T16:23:00+00:00,Астана Сани 2,4 из 7,,"не новый, но аккуратный и чистый ремонт",полностью,домофон,нет,"кровать, обеденный стол, шкаф для одежды, кухонный гарнитур, рабочий стол, диван","телевизор, стиральная машина, холодильник, микроволновая печь, посудомоечная машина, кондиционер, пылесос, посуда, сушилка, лифт",,1,ванна,во двор,1,"семейной паре, некурящим, одному человеку, можно с детьми",TS Com,,,,,,,,,,
https://krisha.kz/a/show/682998174,"3-комнатная квартира · 140 м², Шамши Калдаякова 1\2",500000,51.117840476024,71.459097861152,682998174,arenda,kvartiry,3,140.0,19,False,False,monthly,"Астана, Алматы р-н",140 м²,False,2026-08-05T16:23:00+00:00,Австрийский квартал,7,,,полностью,,нет,"кровать, обеденный стол, шкаф для одежды, кухонный гарнитур, рабочий стол, диван",,,,,,,,BAZIS–А,,,,,,,,,,
https://krisha.kz/a/show/687686513,"2-комнатная квартира · 60 м², Калдаякова 3 — Кабанбай Батыра 13/3",350000,51.118770745272,71.460024636831,687686513,arenda,kvartiry,2,60.0,13,False,False,monthly,"Астана, Алматы р-н",60 м²,False,2026-08-05T16:23:00+00:00,Highvill Ishim C,,да,"свежий ремонт, новая мебель",,,нет,,,,,,,,,Highvill,,,,,,,,,,
https://krisha.kz/a/show/1013327685,"3-комнатная квартира · 110 м² · 14/22 этаж, Мангилик Ел 61",800000,51.08435210931,71.422096192118,1013327685,arenda,kvartiry,3,110.0,33,False,False,monthly,"Астана, Есильский р-н",110 м²,False,2026-08-05T16:23:00+00:00,Nexpo Union,14 из 22,,"свежий ремонт, новая мебель",полностью,"решетки на окнах, охрана, домофон, кодовый замок, сигнализация, видеонаблюдение, видеодомофон",нет,"кровать, обеденный стол, шкаф для одежды, кухонный гарнитур, рабочий стол, диван","интернет, телевизор, стиральная машина, холодильник, микроволновая печь, посудомоечная машина, кондиционер, пылесос, посуда, сушилка, лифт",совмещен,2,"душевая кабина, ванна","во двор, на улицу",,"семейной паре, некурящим, одному человеку, можно с детьми",BI Group Юг,1,,,,,,,,,
https://krisha.kz/a/show/1014060425,"2-комнатная квартира · 55 м², Кошкарбаева 32",220000,51.125397798834,71.481324717628,1014060425,arenda,kvartiry,2,55.0,6,False,False,monthly,"Астана, Алматы р-н",55 м²,False,2026-08-05T16:23:00+00:00,,,,,,,,,,,,,,,,,,,,,,,,,,
https://krisha.kz/a/show/1014555206,"1-комнатная квартира · 38 м² · 4/16 этаж, Рыскулбекова 16/1-3",190000,51.158609019043,71.504933522883,1014555206,arenda,kvartiry,1,38.0,5,False,False,monthly,"Астана, Алматы р-н","38 м², Площадь кухни — 9 м²",False,2026-08-05T16:23:00+00:00,Достар-3,4 из 16,,"свежий ремонт, новая мебель",,"домофон, видеонаблюдение",нет,"обеденный стол, шкаф для одежды, кухонный гарнитур, диван","телевизор, стиральная машина, холодильник, микроволновая печь, пылесос, сушилка, лифт",совмещен,1,душевая кабина,во двор,1,"семейной паре, некурящим, одному человеку",BI Group Юг,,,,,,,,,,
https://krisha.kz/a/show/1014023035,"2-комнатная квартира · 45 м², Толе Би 27",260000,51.102363260595,71.387573489845,1014023035,arenda,kvartiry,2,45.0,7,False,False,monthly,"Астана, Есильский р-н",45 м²,False,2026-08-05T16:23:00+00:00,,,,,,,,,,,,,,,,,,,,,,,,,,
https://krisha.kz/a/show/1014024100,"1-комнатная квартира · 30 м², Тлендиева 15/4",150000,51.1783226707,71.377228001467,1014024100,arenda,kvartiry,1,30.0,7,False,False,monthly,"Астана, Сарыарка р-н",30 м²,False,2026-08-05T16:23:00+00:00,,,,,,,,,,,,,,,,,,,,,,,,,,
https://krisha.kz/a/show/1014021952,"1-комнатная квартира · 40 м², Сатпаева 21",180000,51.142838367286,71.472552817215,1014021952,arenda,kvartiry,1,40.0,3,False,False,monthly,"Астана, Алматы р-н",40 м²,False,2026-08-05T16:23:00+00:00,,9,,,,,,,,,,,,,,,,,,,,,,,,
https://krisha.kz/a/show/1014060668,"1-комнатная квартира · 25 м², Рыскулбекова",140000,51.15891276126,71.499914725286,1014060668,arenda,kvartiry,1,25.0,6,False,False,monthly,"Астана, Алматы р-н",25 м²,False,2026-08-05T16:23:00+00:00,,,,,,,,,,,,,,,,,,,,,,,,,,
https://krisha.kz/a/show/1001602878,"2-комнатная квартира · 50 м² · 2/9 этаж, Е 511 40",230000,51.08401,71.467179,1001602878,arenda,kvartiry,2,50.0,14,False,False,monthly,"Астана, Есильский р-н",50 м²,False,2026-08-05T16:23:00+00:00,,2 из 9,да,"не новый, но аккуратный и чистый ремонт",полностью,"домофон, видеонаблюдение",нет,"кровать, обеденный стол, шкаф для одежды, кухонный гарнитур, диван","интернет, телевизор, стиральная машина, холодильник, микроволновая печь, лифт",совмещен,1,ванна,на улицу,,"семейной паре, одному человеку, можно с детьми",,1,,,,,,,,,
https://krisha.kz/a/show/1014523928,"1-комнатная квартира · 37 м² · 6/9 этаж, Култегин 2 — Айтеке би",200000,51.123487,71.371688,1014523928,arenda,kvartiry,1,37.0,11,False,False,monthly,"Астана, Нура р-н",37 м²,False,2026-08-05T16:23:00+00:00,,6 из 9,,,полностью,,,,,,,,,,,,,,,,,,,,,
https://krisha.kz/a/show/1014021988,"1-комнатная квартира · 45 м², Туркестан",230000,51.100219092175,71.423509702003,1014021988,arenda,kvartiry,1,45.0,7,False,False,monthly,"Астана, Есильский р-н",45 м²,False,2026-08-05T16:23:00+00:00,,,,,,,,,,,,,,,,,,,,,,,,,,
https://krisha.kz/a/show/1014551987,"1-комнатная квартира · 36 м² · 7/14 этаж, Алматы 13 — Мангилик ел",190000,51.115984,71.431283,1014551987,arenda,kvartiry,1,36.0,7,False,False,monthly,"Астана, Есильский р-н",36 м²,False,2026-08-05T16:23:00+00:00,,7 из 14,,,полностью,,,,,,,,,,,,,,,,,,,,,
https://krisha.kz/a/show/1014364967,"1-комнатная квартира · 37 м² · 11 этаж, Кабанбай Батыра 49 — Бухар жырау",300000,51.102666484056,71.405247531724,1014364967,arenda,kvartiry,1,37.0,5,False,False,monthly,"Астана, Есильский р-н",37 м²,False,2026-08-05T16:23:00+00:00,Esil Plaza,11,,,полностью,"домофон, видеонаблюдение",нет,"кровать, обеденный стол, шкаф для одежды, кухонный гарнитур","интернет, стиральная машина, холодильник, микроволновая печь, кондиционер, сушилка, лифт",совмещен,1,ванна,во двор,1,"семейной паре, одному человеку, можно с детьми",АстанаТехСтрой,,,,,,,,,,
https://krisha.kz/a/show/1014455886,"1-комнатная квартира · 40 м², Туркестан 18",200000,51.104035887786,71.424771146586,1014455886,arenda,kvartiry,1,40.0,8,False,False,monthly,"Астана, Есильский р-н",40 м²,False,2026-08-05T16:23:00+00:00,,,,,,,,,,,,,,,,,,,,,,,,,,
https://krisha.kz/a/show/1014425749,"1-комнатная квартира · 40 м², Нажимеденова 64",180000,51.108444904991,71.540047063602,1014425749,arenda,kvartiry,1,40.0,4,False,False,monthly,"Астана, Алматы р-н",40 м²,False,2026-08-05T16:23:00+00:00,,,,,,,,,,,,,,,,,,,,,,,,,,
https://krisha.kz/a/show/1014499126,"2-комнатная квартира · 48 м² · 2/7 этаж, Калдаякова 4 — Нажимеденова",230000,51.118184,71.457091,1014499126,arenda,kvartiry,2,48.0,13,False,False,monthly,"Астана, Сарайшык р-н",48 м²,False,2026-08-05T16:23:00+00:00,,2 из 7,да,,полностью,,,,,,,,,,,,,,,,,,,,,
https://krisha.kz/a/show/1014487340,"1-комнатная квартира · 40 м² · 5/8 этаж, Жошы хан 6 — Бухар жырау",220000,51.095656481051,71.438117216725,1014487340,arenda,kvartiry,1,40.0,15,False,False,monthly,"Астана, Есильский р-н",40 м²,False,2026-08-05T16:23:00+00:00,Adal,5 из 8,,,полностью,видеонаблюдение,нет,"обеденный стол, шкаф для одежды, кухонный гарнитур, диван","телевизор, стиральная машина, холодильник, микроволновая печь, посуда, сушилка, лифт",совмещен,1,ванна,на улицу,1,"семейной паре, одному человеку",BI Group Юг,,,,,,,,,,
https://krisha.kz/a/show/1014331249,"1-комнатная квартира · 32 м² · 5/6 этаж, Аль Фараби 76 блок В",160000,51.05035,71.435478,1014331249,arenda,kvartiry,1,32.0,8,False,False,monthly,"Астана, Есильский р-н",32 м²,False,2026-08-05T16:23:00+00:00,,5 из 6,да,"не новый, но аккуратный и чистый ремонт",полностью,"домофон, видеонаблюдение",,"кровать, обеденный стол, шкаф для одежды, кухонный гарнитур","интернет, стиральная машина, холодильник, лифт",совмещен,1,ванна,на улицу,,"семейной паре, одному человеку",,1,,,,,,,,,
https://krisha.kz/a/show/1014492406,"2-комнатная квартира · 55 м² · 4/5 этаж, Валиханова 13",270000,51.168165,71.439098,1014492406,arenda,kvartiry,2,55.0,7,False,False,monthly,"Астана, р-н Байконур",55 м²,False,2026-08-05T16:23:00+00:00,,4 из 5,да,"не новый, но аккуратный и чистый ремонт",полностью,"домофон, видеонаблюдение",нет,"кровать, обеденный стол, шкаф для одежды, кухонный гарнитур, диван","интернет, телевизор, стиральная машина, холодильник",совмещен,1,ванна,во двор,1,"семейной паре, одному человеку, можно с детьми",,,,,,,,,,,
https://krisha.kz/a/show/682079112,"1-комнатная квартира · 38 м² · 7/12 этаж, Кабанбай батыра 59 — Хусейн бен Талала",240000,51.076295092364,71.395540461758,682079112,arenda,kvartiry,1,38.0,12,False,False,monthly,"Астана, Есильский р-н","38 м², Площадь кухни — 11 м²",False,2026-08-05T16:23:00+00:00,Budapest,7 из 12,,"свежий ремонт, новая мебель",полностью,"охрана, домофон, кодовый замок, видеонаблюдение, видеодомофон",нет,"кровать, обеденный стол, шкаф для одежды, кухонный гарнитур, рабочий стол, диван","интернет, телевизор, стиральная машина, холодильник, микроволновая печь, пылесос, посуда, сушилка, кладовая, лифт",совмещен,1,ванна,"во двор, на улицу",1,"семейной паре, одному человеку",G-Park,,,,,,,,,,
https://krisha.kz/a/show/1014416835,"3-комнатная квартира · 70 м², Момышулы",300000,51.140944074516,71.483857524983,1014416835,arenda,kvartiry,3,70.0,6,False,False,monthly,"Астана, Алматы р-н",70 м²,False,2026-08-05T16:23:00+00:00,,,,,,,,,,,,,,,,,,,,,,,,,,
https://krisha.kz/a/show/761695733,"2-комнатная квартира · 60 м² · 8/10 этаж, Сауран",270000,51.126002,71.424303,761695733,arenda,kvartiry,2,60.0,5,False,False,monthly,"Астана, Есильский р-н","60 м², Площадь кухни — 10 м²",False,2026-08-05T16:23:00+00:00,,8 из 10,да,"не новый, но аккуратный и чистый ремонт",полностью,охрана,нет,"кровать, обеденный стол, шкаф для одежды, кухонный гарнитур, рабочий стол, диван","интернет, телевизор, стиральная машина, холодильник, микроволновая печь, посудомоечная машина, кондиционер, пылесос, посуда, сушилка, лифт",совмещен,1,ванна,"во двор, на улицу",1,"семейной паре, некурящим, одному человеку, можно с животными, можно с детьми",,,,,,,,,,,
https://krisha.kz/a/show/1004915845,"1-комнатная квартира · 43 м² · 8/9 этаж, Улы Дала",240000,51.094635,71.439493,1004915845,arenda,kvartiry,1,43.0,4,False,False,monthly,"Астана, Есильский р-н","43 м², Площадь кухни — 12 м²",False,2026-08-05T16:23:00+00:00,Alan,8 из 9,,"свежий ремонт, новая мебель",полностью,"охрана, домофон, видеонаблюдение",нет,"обеденный стол, шкаф для одежды, кухонный гарнитур, диван","телевизор, стиральная машина, холодильник, микроволновая печь, кондиционер, посуда, кладовая, лифт",совмещен,1,ванна,во двор,1,"семейной паре, некурящим, одному человеку, можно с детьми",BI Group Юг,,,,,,,,,,
https://krisha.kz/a/show/1014283538,"1-комнатная квартира · 47 м² · 9/9 этаж, Нажимеденова 39 — Нурлы жол, ЛРТ",200000,51.108944256665,71.53963631458,1014283538,arenda,kvartiry,1,47.0,6,False,False,monthly,"Астана, Сарайшык р-н","47 м², жилая — 24 м², Площадь кухни — 9 м²",False,2026-08-05T16:23:00+00:00,Эльбрус,9 из 9,,"не новый, но аккуратный и чистый ремонт",,"решетки на окнах, домофон",нет,"обеденный стол, шкаф для одежды, кухонный гарнитур, диван","телевизор, стиральная машина, холодильник, кладовая, лифт",совмещен,1,ванна,на улицу,,"семейной паре, некурящим, одному человеку",Жануя Инвест,1,,,,,,,,,
https://krisha.kz/a/show/1014027482,"2-комнатная квартира · 40 м², Култегин 11а",250000,51.133416865305,71.372816335993,1014027482,arenda,kvartiry,2,40.0,5,False,False,monthly,"Астана, Есильский р-н",40 м²,False,2026-08-05T16:23:00+00:00,,,,,,,,,,,,,,,,,,,,,,,,,,
https://krisha.kz/a/show/1013963249,"2-комнатная квартира · 72 м² · 8/28 этаж, проспект Кошкарбаева 10/1 — Блок-G",300000,51.127219263325,71.469222586602,1013963249,arenda,kvartiry,2,72.0,16,False,False,monthly,"Астана, Сарайшык р-н",72 м²,False,2026-08-05T16:23:00+00:00,Хайвил Астана,8 из 28,,,полностью,"охрана, домофон, кодовый замок",нет,"кровать, шкаф для одежды, кухонный гарнитур, диван","интернет, телевизор, стиральная машина, холодильник, микроволновая печь, кондиционер, пылесос, лифт",,2,"душевая кабина, ванна",на улицу,1,"семейной паре, одному человеку",Highvill,,,,,,,,,,
https://krisha.kz/a/show/1014474794,"3-комнатная квартира · 64 м² · 10/11 этаж, С 902 8",300000,51.17455414127,71.352390463068,1014474794,arenda,kvartiry,3,64.0,16,False,False,monthly,"Астана, Сарыарка р-н",64 м²,False,2026-08-05T16:23:00+00:00,Parkland,10 из 11,да,"свежий ремонт, новая мебель",,"домофон, видеонаблюдение",нет,"кровать, обеденный стол, шкаф для одежды, кухонный гарнитур, рабочий стол, диван","стиральная машина, холодильник, посуда, сушилка, лифт",совмещен,1,ванна,на улицу,1,"семейной паре, можно с детьми",BI Group Север,,,,,,,,,,
https://krisha.kz/a/show/1007898098,"1-комнатная квартира · 22 м² · 8/10 этаж, Коргалжын 37",200000,51.148613581753,71.358256876932,1007898098,arenda,kvartiry,1,22.0,12,False,False,monthly,"Астана, Нура р-н",22 м²,False,2026-08-05T16:23:00+00:00,,8 из 10,,,полностью,,,,,,,,,,,,,,,,,,,,,
https://krisha.kz/a/show/1014022586,"2-комнатная квартира · 45 м², Тауелсиздик 25/2",250000,51.142902283168,71.460573089878,1014022586,arenda,kvartiry,2,45.0,6,False,False,monthly,"Астана, Алматы р-н",45 м²,False,2026-08-05T16:23:00+00:00,,,,,,,,,,,,,,,,,,,,,,,,,,
https://krisha.kz/a/show/1012532119,"3-комнатная квартира · 115 м², Туран 57/1",550000,51.107099886527,71.396269688327,1012532119,arenda,kvartiry,3,115.0,8,False,False,monthly,"Астана, Нура р-н",115 м²,False,2026-08-05T16:23:00+00:00,Arena Towers 2,,,,полностью,,нет,,,,,,,,,,,,,,,,,,,
https://krisha.kz/a/show/1010400130,"4-комнатная квартира · 128 м² · 10 этаж, Туркестан 28/2",800000,51.100979105679,71.424696719272,1010400130,arenda,kvartiry,4,128.0,10,False,False,monthly,"Астана, Есильский р-н",128 м²,False,2026-08-05T16:23:00+00:00,Park Avenue Exclusive,10,,,полностью,,нет,,,,,,,,"семейной паре, некурящим, одному человеку, можно с детьми",BI Group Юг,,,,,,,,,,
https://krisha.kz/a/show/1014023140,"1-комнатная квартира · 30 м², Рыскулбекова 31/1",150000,51.160155572022,71.499642477936,1014023140,arenda,kvartiry,1,30.0,7,False,False,monthly,"Астана, Алматы р-н",30 м²,False,2026-08-05T16:23:00+00:00,,12,,,,,,,,,,,,,,,,,,,,,,,,
https://krisha.kz/a/show/1011056830,"5-комнатная квартира · 200 м² · 6 этаж, Сарайшык 2 — Кунаева",1500000,51.135389019768,71.418658300577,1011056830,arenda,kvartiry,5,200.0,7,False,False,monthly,"Астана, Есильский р-н",200 м²,False,2026-08-05T16:23:00+00:00,Atlant,6,,"не новый, но аккуратный и чистый ремонт",полностью,"решетки на окнах, домофон, кодовый замок, сигнализация, видеонаблюдение, видеодомофон, консьерж",,"кровать, обеденный стол, шкаф для одежды, кухонный гарнитур, рабочий стол, диван","интернет, телевизор, стиральная машина, холодильник, микроволновая печь, посудомоечная машина, кондиционер, пылесос, посуда, сушилка, кладовая, лифт","разделен, совмещен",3,"душевая кабина, ванна","во двор, на улицу",2,"семейной паре, некурящим, одному человеку, можно с детьми",BI Group Север,2,,,,,,,,,
https://krisha.kz/a/show/1014538113,"2-комнатная квартира · 43 м² · 9/12 этаж, 23-ая улица 7 стр — Мангилик Ел, Сфера Парк, ЭКСПО",280000,51.098843309575,71.438934774461,1014538113,arenda,kvartiry,2,43.0,6,False,False,monthly,"Астана, Есильский р-н",43 м²,False,2026-08-05T16:23:00+00:00,ZAMAN,9 из 12,,"свежий ремонт, новая мебель",полностью,"решетки на окнах, охрана, домофон, кодовый замок, сигнализация, видеонаблюдение, видеодомофон, консьерж",нет,"кровать, обеденный стол, шкаф для одежды, кухонный гарнитур, рабочий стол, диван","интернет, телевизор, стиральная машина, холодильник, микроволновая печь, кондиционер, пылесос, посуда, сушилка, лифт",совмещен,,ванна,,,,SVOYDOM,,,,,,,,,,
https://krisha.kz/a/show/1014070736,"2-комнатная квартира · 60 м², Мустафина 21/1",180000,51.157779504764,71.509616440821,1014070736,arenda,kvartiry,2,60.0,6,False,False,monthly,"Астана, Алматы р-н",60 м²,False,2026-08-05T16:23:00+00:00,,,,,,,,,,,,,,,,,,,,,,,,,,
https://krisha.kz/a/show/1014444666,"1-комнатная квартира · 52 м², Алматы 13",300000,51.11685603935,71.430801017994,1014444666,arenda,kvartiry,1,52.0,0,False,False,monthly,"Астана, Есильский р-н",52 м²,False,2026-08-05T16:23:00+00:00,,,,,,,,,,,,,,,,,,,,,,,,,,
https://krisha.kz/a/show/1014416566,"1-комнатная квартира · 70 м², Туркестан 2",300000,51.120060427971,71.430610222405,1014416566,arenda,kvartiry,1,70.0,0,False,False,monthly,"Астана, Есильский р-н",70 м²,False,2026-08-05T16:23:00+00:00,,,,,,,,,,,,,,,,,,,,,,,,,,
https://krisha.kz/a/show/1014024195,"1-комнатная квартира · 40 м², Айтматова 60/1",200000,51.159402735301,71.375470212521,1014024195,arenda,kvartiry,1,40.0,4,False,False,monthly,"Астана, Есильский р-н",40 м²,False,2026-08-05T16:23:00+00:00,,,,,,,,,,,,,,,,,,,,,,,,,,
https://krisha.kz/a/show/1014071093,"1-комнатная квартира · 40 м², Роза Багланова 6",300000,51.116468986734,71.393611414098,1014071093,arenda,kvartiry,1,40.0,0,False,False,monthly,"Астана, Есильский р-н",40 м²,False,2026-08-05T16:23:00+00:00,,,,,,,,,,,,,,,,,,,,,,,,,,
https://krisha.kz/a/show/1014069788,"1-комнатная квартира · 40 м², Байтурсынова 36",300000,51.113015825024,71.538491149159,1014069788,arenda,kvartiry,1,40.0,0,False,False,monthly,"Астана, Алматы р-н",40 м²,False,2026-08-05T16:23:00+00:00,,,,,,,,,,,,,,,,,,,,,,,,,,
https://krisha.kz/a/show/1014023244,"1-комнатная квартира · 40 м², Кабанбай батыра 46",200000,51.115475826928,71.413521674679,1014023244,arenda,kvartiry,1,40.0,0,False,False,monthly,"Астана, Есильский р-н",40 м²,False,2026-08-05T16:23:00+00:00,,,,,,,,,,,,,,,,,,,,,,,,,,
https://krisha.kz/a/show/1000225454,"2-комнатная квартира · 50 м² · 3/17 этаж, Туран 52/2",300000,51.104566046182,71.399554480031,1000225454,arenda,kvartiry,2,50.0,18,False,False,monthly,"Астана, Есильский р-н",50 м²,False,2026-08-05T16:23:00+00:00,BUQAR JYRAU EXCLUSIVE 2,3 из 17,,,полностью,"домофон, кодовый замок, видеодомофон",нет,"кровать, обеденный стол, шкаф для одежды, кухонный гарнитур, диван","интернет, телевизор, стиральная машина, холодильник, пылесос, сушилка, лифт",совмещен,1,ванна,"во двор, на улицу",нет,"семейной паре, некурящим, одному человеку, можно с детьми",ULYTAU GROUP,1,,,,,,,,,
https://krisha.kz/a/show/1014576993,"1-комнатная квартира · 38 м² · 6/9 этаж, Кордай 87 — Қошқарбаев көшесі",150000,51.127019145216,71.507869362831,1014576993,arenda,kvartiry,1,38.0,16,False,False,monthly,"Астана, Сарайшык р-н",38 м²,False,2026-08-05T16:23:00+00:00,Север VS-1,6 из 9,,"не новый, но аккуратный и чистый ремонт",полностью,"домофон, видеонаблюдение",нет,"шкаф для одежды, кухонный гарнитур, диван","телевизор, стиральная машина, холодильник, микроволновая печь, лифт",совмещен,1,ванна,во двор,1,"семейной паре, некурящим, одному человеку, можно с детьми",Бахус,нет,,,,,,,,,
https://krisha.kz/a/show/1014370526,"2-комнатная квартира · 53 м² · 3/8 этаж, Е-899 1/1",400000,51.132676380639,71.387833356639,1014370526,arenda,kvartiry,2,53.0,7,False,False,monthly,"Астана, Нура р-н",53 м²,False,2026-08-05T16:23:00+00:00,GreenLine.Aqua Business,3 из 8,,,,"охрана, домофон, кодовый замок, видеонаблюдение, видеодомофон",нет,"кровать, обеденный стол, шкаф для одежды, кухонный гарнитур, диван","интернет, телевизор, стиральная машина, холодильник, микроволновая печь, посудомоечная машина, кондиционер, пылесос, посуда, сушилка, лифт",совмещен,1,ванна,во двор,,"семейной паре, некурящим, одному человеку",BI Group Юг,1,,,,,,,,,
https://krisha.kz/a/show/1014307031,"3-комнатная квартира · 71 м² · 9/12 этаж, Аль-Фараби 9, 9/1, 9/2, 11, 11/1",450000,51.097179652802,71.45056145359,1014307031,arenda,kvartiry,3,71.0,13,False,False,monthly,"Астана, Есильский р-н","71 м², Площадь кухни — 13 м²",False,2026-08-05T16:23:00+00:00,Capital Park. Flowers,9 из 12,,"не новый, но аккуратный и чистый ремонт",полностью,"домофон, кодовый замок, видеонаблюдение, видеодомофон",нет,"кровать, обеденный стол, шкаф для одежды, кухонный гарнитур, диван","телевизор, стиральная машина, холодильник, кондиционер, лифт",совмещен,1,ванна,"во двор, на улицу",нет,"семейной паре, некурящим, одному человеку",BI Group Юг,1,,,,,,,,,
https://krisha.kz/a/show/1014520151,"2-комнатная квартира · 40 м² · 7/9 этаж, Керей-Жанибек хандар 44/2",280000,51.105523547214,71.44677473086,1014520151,arenda,kvartiry,2,40.0,9,False,False,monthly,"Астана, Есильский р-н",40 м²,False,2026-08-05T16:23:00+00:00,OLEN,7 из 9,,"свежий ремонт, новая мебель",,,нет,,,,,,,,,SVOYDOM,,,,,,,,,,
https://krisha.kz/a/show/1014389797,"2-комнатная квартира · 106 м² · 9/10 этаж, Динмухамед Конаев 29 — Отель Дипломат",350000,51.131747309209,71.42781915939,1014389797,arenda,kvartiry,2,106.0,24,False,False,monthly,"Астана, Есильский р-н",106 м²,False,2026-08-05T16:23:00+00:00,,9 из 10,да,"не новый, но аккуратный и чистый ремонт",полностью,"домофон, видеонаблюдение",,"кровать, обеденный стол, шкаф для одежды, кухонный гарнитур, диван","интернет, телевизор, стиральная машина, холодильник, микроволновая печь, пылесос, посуда, сушилка, лифт",совмещен,1,ванна,на улицу,,,,,,,,,,,,,
https://krisha.kz/a/show/688738846,"2-комнатная квартира · 60 м² · 2/10 этаж, Кенесары 62",300000,51.16532741868,71.453883468925,688738846,arenda,kvartiry,2,60.0,18,False,False,monthly,"Астана, р-н Байконур",60 м²,False,2026-08-05T16:23:00+00:00,Daryn,2 из 10,,,полностью,"домофон, видеонаблюдение",нет,"кровать, обеденный стол, шкаф для одежды, кухонный гарнитур, диван","интернет, телевизор, стиральная машина, холодильник, микроволновая печь, пылесос, посуда, сушилка, лифт",совмещен,,ванна,во двор,,"семейной паре, некурящим, одному человеку",ТОО СМ МТ Курылыс,,,,,,,,,,
https://krisha.kz/a/show/1014500430,"3-комнатная квартира · 86 м² · 5/12 этаж, Толе би 59",500000,51.13317,71.396455,1014500430,arenda,kvartiry,3,86.0,8,False,False,monthly,"Астана, Нура р-н",86 м²,False,2026-08-05T16:23:00+00:00,,5 из 12,,"свежий ремонт, новая мебель",полностью,,,,,,,,,,,,,,,,,,,,,
https://krisha.kz/a/show/1014492516,"1-комнатная квартира · 50 м² · 13/24 этаж, Сафуран Шаймерденов 8",200000,51.112364268758,71.536746025085,1014492516,arenda,kvartiry,1,50.0,7,False,False,monthly,"Астана, Алматы р-н","50 м², Площадь кухни — 12 м²",False,2026-08-05T16:23:00+00:00,Томирис,13 из 24,,"не новый, но аккуратный и чистый ремонт",,"охрана, домофон, сигнализация, видеонаблюдение",нет,"обеденный стол, шкаф для одежды, кухонный гарнитур, диван","интернет, телевизор, стиральная машина, холодильник, микроволновая печь, сушилка, лифт",совмещен,1,ванна,на улицу,1,"семейной паре, некурящим, одному человеку",Оркен ЖСК,,,,,,,,,,
https://krisha.kz/a/show/1012814667,"2-комнатная квартира · 55 м² · 4/18 этаж, Кошкарбаева 1 — Момышулы",350000,51.129258135817,71.463185923378,1012814667,arenda,kvartiry,2,55.0,11,False,False,monthly,"Астана, Алматы р-н",55 м²,False,2026-08-05T16:23:00+00:00,La Vie,4 из 18,да,"свежий ремонт, новая мебель",полностью,,нет,"кровать, обеденный стол, шкаф для одежды, кухонный гарнитур, рабочий стол, диван",,,,,,,,ORDA INVEST,,,,,,,,,,
https://krisha.kz/a/show/693889440,"3-комнатная квартира · 140 м², Кабанбай батыра 7",500000,51.142269010751,71.417890236044,693889440,arenda,kvartiry,3,140.0,14,False,False,monthly,"Астана, Есильский р-н",140 м²,False,2026-08-05T16:23:00+00:00,Премьера,,,"свежий ремонт, новая мебель",полностью,,нет,,,,,,,,"семейной паре, некурящим, одному человеку, можно с детьми",BI Group Юг,,,,,,,,,,
https://krisha.kz/a/show/1003773779,"3-комнатная квартира · 90 м², Акмешит 1",700000,51.120486736106,71.424824474544,1003773779,arenda,kvartiry,3,90.0,14,False,False,monthly,"Астана, Есильский р-н",90 м²,False,2026-08-05T16:23:00+00:00,Europe City,,,"свежий ремонт, новая мебель",полностью,,нет,"кровать, обеденный стол, шкаф для одежды, кухонный гарнитур, рабочий стол, диван",,совмещен,2,"душевая кабина, ванна","во двор, на улицу",2,"семейной паре, некурящим, одному человеку, можно с детьми",ORDA INVEST,,,,,,,,,,
https://krisha.kz/a/show/1004594291,"4-комнатная квартира · 180 м² · 5/8 этаж, Мангилик Ел 28",700000,51.110774313474,71.433447636293,1004594291,arenda,kvartiry,4,180.0,21,False,False,monthly,"Астана, Есильский р-н",180 м²,False,2026-08-05T16:23:00+00:00,Sultan apartments,5 из 8,,"свежий ремонт, новая мебель",полностью,,нет,"кровать, обеденный стол, шкаф для одежды, кухонный гарнитур, рабочий стол, диван",,,,,,,,ORDA INVEST,,,,,,,,,,
https://krisha.kz/a/show/693482299,"4-комнатная квартира · 150 м² · 8/9 этаж, проспект Мангилик Ел участок 41",800000,51.101084326552,71.42802350657,693482299,arenda,kvartiry,4,150.0,2,False,False,monthly,"Астана, Есильский р-н",150 м²,False,2026-08-05T16:23:00+00:00,S Club,8 из 9,,"свежий ремонт, новая мебель",,,нет,,,,,,,,"семейной паре, некурящим, одному человеку, можно с детьми",Sensata Group,,,,,,,,,,
https://krisha.kz/a/show/1009527791,"1-комнатная квартира · 50 м² · 14/18 этаж, Туран 39",300000,51.129512895508,71.403664872313,1009527791,arenda,kvartiry,1,50.0,7,False,False,monthly,"Астана, Нура р-н",50 м²,False,2026-08-05T16:23:00+00:00,Evolution,14 из 18,,"свежий ремонт, новая мебель",полностью,,нет,,,,,,,,,BAZIS–А,,,,,,,,,,
https://krisha.kz/a/show/1014061166,"3-комнатная квартира · 95 м², Тархана 17",280000,51.159311862088,71.456686416781,1014061166,arenda,kvartiry,3,95.0,12,False,False,monthly,"Астана, р-н Байконур",95 м²,False,2026-08-05T16:23:00+00:00,,,,,,,,,,,,,,,,,,,,,,,,,,
https://krisha.kz/a/show/1014423381,"2-комнатная квартира · 45 м², Анет Баба",270000,51.132119967451,71.382570071148,1014423381,arenda,kvartiry,2,45.0,7,False,False,monthly,"Астана, Есильский р-н",45 м²,False,2026-08-05T16:23:00+00:00,,,,,,,,,,,,,,,,,,,,,,,,,,
https://krisha.kz/a/show/1014541622,"2-комнатная квартира · 45 м² · 7/9 этаж, Е 652 22",250000,51.054749,71.427123,1014541622,arenda,kvartiry,2,45.0,7,False,False,monthly,"Астана, Есильский р-н",45 м²,False,2026-08-05T16:23:00+00:00,,7 из 9,да,"свежий ремонт, новая мебель",полностью,"домофон, видеонаблюдение",,"обеденный стол, шкаф для одежды, кухонный гарнитур, диван","интернет, стиральная машина, холодильник, лифт",совмещен,1,ванна,на улицу,,"семейной паре, одному человеку, можно с детьми",,1,,,,,,,,,
https://krisha.kz/a/show/1014022969,"2-комнатная квартира · 65 м², Абая",260000,51.165308739078,71.406620811911,1014022969,arenda,kvartiry,2,65.0,9,False,False,monthly,"Астана, Сарыарка р-н",65 м²,False,2026-08-05T16:23:00+00:00,,,,,,,,,,,,,,,,,,,,,,,,,,
https://krisha.kz/a/show/1014417018,"2-комнатная квартира · 45 м², Аль Фараби",280000,51.099180826027,71.450062135676,1014417018,arenda,kvartiry,2,45.0,9,False,False,monthly,"Астана, Есильский р-н",45 м²,False,2026-08-05T16:23:00+00:00,,,,,,,,,,,,,,,,,,,,,,,,,,
https://krisha.kz/a/show/1014023709,"1-комнатная квартира · 40 м², Байтурсынова 61",180000,51.11525900162,71.535369743089,1014023709,arenda,kvartiry,1,40.0,11,False,False,monthly,"Астана, Алматы р-н",40 м²,False,2026-08-05T16:23:00+00:00,,,,,,,,,,,,,,,,,,,,,,,,,,
https://krisha.kz/a/show/1014025792,"2-комнатная квартира · 60 м², Роза Багланова",260000,51.116107848435,71.392486485813,1014025792,arenda,kvartiry,2,60.0,11,False,False,monthly,"Астана, Есильский р-н",60 м²,False,2026-08-05T16:23:00+00:00,,,,,,,,,,,,,,,,,,,,,,,,,,
https://krisha.kz/a/show/1014480416,"2-комнатная квартира · 53 м² · 3/9 этаж, Шамши Калдаяков 25а — Жумекен Нажимеденов",360000,51.113763447173,71.492638575797,1014480416,arenda,kvartiry,2,53.0,18,False,False,monthly,"Астана, Алматы р-н","53 м², Площадь кухни — 10 м²",False,2026-08-05T16:23:00+00:00,DOMBYRA,3 из 9,да,"свежий ремонт, новая мебель",полностью,"решетки на окнах, домофон, видеонаблюдение, видеодомофон",нет,"кровать, обеденный стол, шкаф для одежды, кухонный гарнитур, диван","телевизор, стиральная машина, холодильник, микроволновая печь, лифт",совмещен,,ванна,во двор,1,"семейной паре, некурящим, одному человеку",SVOYDOM,,,,,,,,,,
https://krisha.kz/a/show/1014417442,"2-комнатная квартира · 40 м², Айтеке Би 15",230000,51.144182394202,71.382006550357,1014417442,arenda,kvartiry,2,40.0,6,False,False,monthly,"Астана, Есильский р-н",40 м²,False,2026-08-05T16:23:00+00:00,,,,,,,,,,,,,,,,,,,,,,,,,,
https://krisha.kz/a/show/1014556654,"1-комнатная квартира · 40 м², Нурмагамбетова 25/1",200000,51.119036961631,71.482231891818,1014556654,arenda,kvartiry,1,40.0,4,False,False,monthly,"Астана, Алматы р-н",40 м²,False,2026-08-05T16:23:00+00:00,,,,,,,,,,,,,,,,,,,,,,,,,,
https://krisha.kz/a/show/1014432531,"1-комнатная квартира · 37 м², Калдаякова",200000,51.115251876921,71.485131177491,1014432531,arenda,kvartiry,1,37.0,4,False,False,monthly,"Астана, Алматы р-н",37 м²,False,2026-08-05T16:23:00+00:00,,,,,,,,,,,,,,,,,,,,,,,,,,
https://krisha.kz/a/show/1014417705,"2-комнатная квартира · 45 м², Байтурсынова 61",220000,51.115115030236,71.534904103798,1014417705,arenda,kvartiry,2,45.0,12,False,False,monthly,"Астана, Алматы р-н",45 м²,False,2026-08-05T16:23:00+00:00,,,,,,,,,,,,,,,,,,,,,,,,,,
https://krisha.kz/a/show/1014452760,"1-комнатная квартира · 40 м², Толе Би",200000,51.106413723231,71.390836647377,1014452760,arenda,kvartiry,1,40.0,8,False,False,monthly,"Астана, Есильский р-н",40 м²,False,2026-08-05T16:23:00+00:00,,,,,,,,,,,,,,,,,,,,,,,,,,
https://krisha.kz/a/show/1014420071,"1-комнатная квартира · 40 м², Туркестан 14",220000,51.107649453342,71.425532938594,1014420071,arenda,kvartiry,1,40.0,7,False,False,monthly,"Астана, Есильский р-н",40 м²,False,2026-08-05T16:23:00+00:00,,,,,,,,,,,,,,,,,,,,,,,,,,
https://krisha.kz/a/show/1014433638,"2-комнатная квартира · 50 м², Толебаева 5",220000,51.140623102588,71.507695683544,1014433638,arenda,kvartiry,2,50.0,10,False,False,monthly,"Астана, Алматы р-н",50 м²,False,2026-08-05T16:23:00+00:00,,,,,,,,,,,,,,,,,,,,,,,,,,
https://krisha.kz/a/show/1014470382,"2-комнатная квартира · 80 м² · 6/12 этаж, Алматы 19/2",300000,51.114523732431,71.431126996467,1014470382,arenda,kvartiry,2,80.0,12,False,False,monthly,"Астана, Есильский р-н",80 м²,False,2026-08-05T16:23:00+00:00,Акжайык,6 из 12,,"не новый, но аккуратный и чистый ремонт",полностью,"домофон, кодовый замок",,"кровать, обеденный стол, шкаф для одежды, кухонный гарнитур, диван","стиральная машина, холодильник, микроволновая печь, кондиционер, кладовая, лифт",разделен,1,душевая кабина,"во двор, на улицу",,"семейной паре, некурящим",Дуние Курылыс,2,,,,,,,,,
https://krisha.kz/a/show/1014419738,"3-комнатная квартира · 65 м², Даулеткерей",400000,51.18142823431,71.358052312218,1014419738,arenda,kvartiry,3,65.0,0,False,False,monthly,"Астана, Сарыарка р-н",65 м²,False,2026-08-05T16:23:00+00:00,,,,,,,,,,,,,,,,,,,,,,,,,,
https://krisha.kz/a/show/1000239265,"2-комнатная квартира · 42 м² · 6/11 этаж, Кайым Мухамедханова 11",300000,51.139323440496,71.397542505183,1000239265,arenda,kvartiry,2,42.0,9,False,False,monthly,"Астана, Есильский р-н",42 м²,False,2026-08-05T16:23:00+00:00,Liberty,6 из 11,да,,полностью,,нет,"кровать, обеденный стол, шкаф для одежды, кухонный гарнитур, рабочий стол, диван","интернет, телевизор, стиральная машина, холодильник, микроволновая печь, кондиционер, пылесос, посуда, лифт",совмещен,1,ванна,,,"семейной паре, некурящим, одному человеку",ORDA INVEST,,,,,,,,,,
https://krisha.kz/a/show/1005790809,"1-комнатная квартира · 49 м² · 3/12 этаж, Кошкарбаева 46/1",170000,51.126912,71.493922,1005790809,arenda,kvartiry,1,49.0,24,False,False,monthly,"Астана, Алматы р-н","49 м², Площадь кухни — 12 м²",False,2026-08-05T16:23:00+00:00,Турсын Астана – 1,3 из 12,,"свежий ремонт, новая мебель",полностью,"домофон, видеонаблюдение",нет,"кровать, обеденный стол, шкаф для одежды, кухонный гарнитур, рабочий стол, диван","стиральная машина, холодильник, микроволновая печь, сушилка, лифт",совмещен,1,ванна,на улицу,,"семейной паре, некурящим",Жана Курылыс,1,,,,,,,,,
https://krisha.kz/a/show/1014023655,"2-комнатная квартира · 70 м², Сарыарка",300000,51.164083044676,71.408324262938,1014023655,arenda,kvartiry,2,70.0,5,False,False,monthly,"Астана, Сарыарка р-н",70 м²,False,2026-08-05T16:23:00+00:00,,9,,,,,,,,,,,,,,,,,,,,,,,,
https://krisha.kz/a/show/1014401688,"4-комнатная квартира · 210 м² · 5/6 этаж, Карашаш ана 16",1000000,51.143206853853,71.399005822533,1014401688,arenda,kvartiry,4,210.0,9,False,False,monthly,"Астана, Нура р-н",210 м²,False,2026-08-05T16:23:00+00:00,Baisanat,5 из 6,,"свежий ремонт, новая мебель",полностью,"охрана, кодовый замок, видеонаблюдение, видеодомофон",нет,"кровать, обеденный стол, шкаф для одежды, кухонный гарнитур, рабочий стол, диван","интернет, телевизор, стиральная машина, холодильник, микроволновая печь, посудомоечная машина, кондиционер, пылесос, посуда, сушилка, кладовая, лифт",разделен,2,"душевая кабина, ванна",,1,,ORDA INVEST,,,,,,,,,,
https://krisha.kz/a/show/1000168895,"4-комнатная квартира · 145 м² · 12/20 этаж, Кабанбай батыра 43В",800000,51.113063633858,71.406240463257,1000168895,arenda,kvartiry,4,145.0,4,False,False,monthly,"Астана, Есильский р-н",145 м²,False,2026-08-05T16:23:00+00:00,Highvill Park,12 из 20,,"не новый, но аккуратный и чистый ремонт",полностью,"решетки на окнах, охрана, домофон, кодовый замок, сигнализация, видеонаблюдение, видеодомофон, консьерж",,"кровать, обеденный стол, шкаф для одежды, кухонный гарнитур, рабочий стол, диван","интернет, телевизор, стиральная машина, холодильник, микроволновая печь, посудомоечная машина, кондиционер, пылесос, посуда, сушилка, кладовая, лифт","разделен, совмещен",3,"душевая кабина, ванна","во двор, на улицу",2,"семейной паре, можно с детьми",Highvill,,,,,,,,,,
https://krisha.kz/a/show/1013844482,"1-комнатная квартира · 44 м² · 7/8 этаж, Мангилик Ел 51/2 — Улы-дала",250000,51.095025165957,71.423443484306,1013844482,arenda,kvartiry,1,44.0,12,False,False,monthly,"Астана, Есильский р-н","44 м², Площадь кухни — 20 м²",False,2026-08-05T16:23:00+00:00,Expo New Life-2,7 из 8,,"свежий ремонт, новая мебель",полностью,"домофон, видеонаблюдение, видеодомофон",нет,"обеденный стол, шкаф для одежды, кухонный гарнитур, диван","интернет, телевизор, стиральная машина, холодильник, микроволновая печь, пылесос, сушилка, лифт",совмещен,,душевая кабина,на улицу,,некурящим,Шанг Хи Груп,,,,,,,,,,
https://krisha.kz/a/show/1014176347,"3-комнатная квартира · 140 м² · 2/8 этаж, Кыз Жибек 36",1000000,51.142565825667,71.389253884093,1014176347,arenda,kvartiry,3,140.0,19,False,False,monthly,"Астана, Нура р-н","140 м², Площадь кухни — 25 м²",False,2026-08-05T16:23:00+00:00,Hanshaiym,2 из 8,,,полностью,"сигнализация, видеонаблюдение, видеодомофон",нет,"кровать, обеденный стол, шкаф для одежды, кухонный гарнитур, рабочий стол, диван","телевизор, стиральная машина, холодильник, микроволновая печь, посудомоечная машина, кондиционер, пылесос, посуда, сушилка, лифт",разделен,2,душевая кабина,"во двор, на улицу",,"семейной паре, некурящим, одному человеку",NAK,2,,,,,,,,,
https://krisha.kz/a/show/681744689,"2-комнатная квартира · 80 м², Достык 14 — Кабанбай Батыра 13/3",350000,51.12883309826,71.43578290607,681744689,arenda,kvartiry,2,80.0,6,False,False,monthly,"Астана, Есильский р-н",80 м²,False,2026-08-05T16:23:00+00:00,Нурсая,,,"свежий ремонт, новая мебель",,,нет,,,,,,,,,ТОО СК Элитстрой,,,,,,,,,,
https://krisha.kz/a/show/760750784,"4-комнатная квартира · 120 м² · 2/7 этаж, Тыныбаева 6",600000,51.116180038642,71.458940584386,760750784,arenda,kvartiry,4,120.0,10,False,False,monthly,"Астана, Алматы р-н",120 м²,False,2026-08-05T16:23:00+00:00,Австрийский квартал,2 из 7,,"свежий ремонт, новая мебель",полностью,"решетки на окнах, охрана, домофон, кодовый замок, сигнализация, видеонаблюдение, видеодомофон, консьерж",нет,"кровать, обеденный стол, шкаф для одежды, кухонный гарнитур, рабочий стол, диван","интернет, телевизор, стиральная машина, холодильник, микроволновая печь, посудомоечная машина, кондиционер, пылесос, посуда, сушилка, лифт",совмещен,3,"душевая кабина, ванна","во двор, на улицу",,"семейной паре, некурящим, одному человеку, можно с детьми",BAZIS–А,,,,,,,,,,
https://krisha.kz/a/show/682648314,"3-комнатная квартира · 90 м², Кабанбай батыра 29",500000,51.124148948948,71.411856005356,682648314,arenda,kvartiry,3,90.0,27,False,False,monthly,"Астана, Есильский р-н",90 м²,False,2026-08-05T16:23:00+00:00,Алматау,,,"свежий ремонт, новая мебель",,,нет,,,,,,,,,АстанаКазСтрой - Универсал,,,,,,,,,,
https://krisha.kz/a/show/1014524800,"3-комнатная квартира · 90 м² · 7/12 этаж, Сейфуллина 41 — Жангельдина",300000,51.172541,71.432235,1014524800,arenda,kvartiry,3,90.0,10,False,False,monthly,"Астана, Сарыарка р-н",90 м²,False,2026-08-05T16:23:00+00:00,,7 из 12,,,полностью,,,,,,,,,,,,,,,,,,,,,
https://krisha.kz/a/show/1013532756,"5-комнатная квартира · 230 м², Ахмет Байтурсынулы 1, 3, 5, 9",1700000,51.128569487287,71.459663193673,1013532756,arenda,kvartiry,5,230.0,10,False,False,monthly,"Астана, Сарайшык р-н",230 м²,False,2026-08-05T16:23:00+00:00,Хайвил Астана,,,,полностью,,нет,,,,,,,,,Highvill,,,,,,,,,,
https://krisha.kz/a/show/1012455557,"3-комнатная квартира · 130 м², Кайым Мухамедханов 1",1200000,51.137259121134,71.411937891388,1012455557,arenda,kvartiry,3,130.0,6,False,False,monthly,"Астана, Нура р-н",130 м²,False,2026-08-05T16:23:00+00:00,ASTORIA,14,,,полностью,,нет,,,,,,,,,BAZIS–А,,,,,,,,,,
https://krisha.kz/a/show/1014022539,"1-комнатная квартира · 45 м², Е-797",300000,51.139203425295,71.378649591749,1014022539,arenda,kvartiry,1,45.0,0,False,False,monthly,"Астана, Есильский р-н",45 м²,False,2026-08-05T16:23:00+00:00,,,,,,,,,,,,,,,,,,,,,,,,,,
https://krisha.kz/a/show/761242273,"2-комнатная квартира · 60 м² · 6/7 этаж, Бухар жырау 23",300000,51.099520493571,71.435667721182,761242273,arenda,kvartiry,2,60.0,12,False,False,monthly,"Астана, Есильский р-н",60 м²,False,2026-08-05T16:23:00+00:00,G-Park Family,6 из 7,да,,полностью,домофон,нет,"кровать, обеденный стол, шкаф для одежды, кухонный гарнитур, рабочий стол, диван","интернет, телевизор, стиральная машина, холодильник, посудомоечная машина, пылесос, лифт",совмещен,1,ванна,"во двор, на улицу",1,"семейной паре, можно с детьми",G-Park,1,,,,,,,,,
https://krisha.kz/a/show/1014391520,"4-комнатная квартира · 125 м² · 8/9 этаж, Сауран 5а",500000,51.120783030348,71.418882235571,1014391520,arenda,kvartiry,4,125.0,9,False,False,monthly,"Астана, Есильский р-н","125 м², Площадь кухни — 18.4 м²",False,2026-08-05T16:23:00+00:00,Градокомплекс-2,8 из 9,,,,"домофон, видеонаблюдение",нет,"кровать, обеденный стол, шкаф для одежды, кухонный гарнитур, рабочий стол, диван","телевизор, стиральная машина, холодильник, микроволновая печь, посуда, кладовая, лифт",разделен,2,душевая кабина,,2,,Альянсстройинвест,,,,,,,,,,
https://krisha.kz/a/show/1003421933,"2-комнатная квартира · 69 м² · 3 этаж, Улы дала — Аль фараби",270000,51.093078819101,71.451009144867,1003421933,arenda,kvartiry,2,69.0,6,False,False,monthly,"Астана, Есильский р-н",69 м²,False,2026-08-05T16:23:00+00:00,Vip-городок Saranda,3,,,полностью,,нет,"кровать, обеденный стол, шкаф для одежды, кухонный гарнитур, диван","интернет, телевизор, стиральная машина, холодильник",совмещен,1,,,1,семейной паре,Mabetex Group,1,,,,,,,,,
https://krisha.kz/a/show/1014573201,"2-комнатная квартира · 59 м² · 4/24 этаж, Сарайшик 7б",250000,51.135854,71.425785,1014573201,arenda,kvartiry,2,59.0,7,False,False,monthly,Астана,"59 м², Площадь кухни — 6 м²",False,2026-08-05T16:23:00+00:00,,4 из 24,,"не новый, но аккуратный и чистый ремонт",,,нет,"кровать, обеденный стол, шкаф для одежды, кухонный гарнитур, диван","телевизор, стиральная машина, холодильник",совмещен,,душевая кабина,на улицу,,,,1,,,,,,,,,
https://krisha.kz/a/show/1014416965,"1-комнатная квартира · 40 м², Толе Би 25",200000,51.099231048243,71.386921847271,1014416965,arenda,kvartiry,1,40.0,6,False,False,monthly,"Астана, Есильский р-н",40 м²,False,2026-08-05T16:23:00+00:00,,,,,,,,,,,,,,,,,,,,,,,,,,
https://krisha.kz/a/show/1014555597,"2-комнатная квартира · 60 м², Сарайшык 5",270000,51.13597966588,71.421498771114,1014555597,arenda,kvartiry,2,60.0,9,False,False,monthly,"Астана, Есильский р-н",60 м²,False,2026-08-05T16:23:00+00:00,,,,,,,,,,,,,,,,,,,,,,,,,,
https://krisha.kz/a/show/1014352777,"2-комнатная квартира · 60 м² · 17/17 этаж, ул. Туран 52/2 — Туран 52/2",420000,51.098058309585,71.43416082537,1014352777,arenda,kvartiry,2,60.0,51,False,False,monthly,"Астана, Есильский р-н","60 м², Площадь кухни — 15 м²",False,2026-08-05T16:23:00+00:00,Бухар Жырау De Luxe,17 из 17,,"свежий ремонт, новая мебель",полностью,,нет,"кровать, обеденный стол, шкаф для одежды, кухонный гарнитур, рабочий стол, диван","телевизор, стиральная машина, холодильник, микроволновая печь, кондиционер, пылесос, сушилка",,,,,,,Жануя Инвест,,,,,,,,,,
https://krisha.kz/a/show/1014307941,"2-комнатная квартира · 45 м² · 8/9 этаж, Кордай 99 — Услуга риелтор 0 тенге",250000,51.121723,71.510819,1014307941,arenda,kvartiry,2,45.0,7,False,False,monthly,"Астана, Сарайшык р-н",45 м²,False,2026-08-05T16:23:00+00:00,Бадана,8 из 9,,"не новый, но аккуратный и чистый ремонт",,,нет,,,,,,,,,BM Stroy,,,,,,,,,,
https://krisha.kz/a/show/760435485,"1-комнатная квартира · 38 м² · 7/10 этаж, А.Токпанова — Шарля де Голля, Таульсиздик",215000,51.137601,71.459472,760435485,arenda,kvartiry,1,38.0,20,False,False,monthly,"Астана, Алматы р-н","38 м², Площадь кухни — 10 м²",False,2026-08-05T16:23:00+00:00,Umai,7 из 10,,"свежий ремонт, новая мебель",частично,"домофон, сигнализация, видеонаблюдение",нет,"кровать, обеденный стол, шкаф для одежды, кухонный гарнитур, диван","стиральная машина, холодильник, микроволновая печь, сушилка, лифт",совмещен,1,ванна,на улицу,,"некурящим, одному человеку",ТОО «Glory Construction»,1,,,,,,,,,
https://krisha.kz/a/show/1014055133,"1-комнатная квартира · 35 м², Нажимеденова 10",170000,51.119632871752,71.463241444512,1014055133,arenda,kvartiry,1,35.0,0,False,False,monthly,"Астана, Алматы р-н",35 м²,False,2026-08-05T16:23:00+00:00,,,,,,,,,,,,,,,,,,,,,,,,,,
https://krisha.kz/a/show/1014023973,"2-комнатная квартира · 45 м², Нажимеденова 54/1",240000,51.110767590423,71.524285245976,1014023973,arenda,kvartiry,2,45.0,0,False,False,monthly,"Астана, Алматы р-н",45 м²,False,2026-08-05T16:23:00+00:00,,,,,,,,,,,,,,,,,,,,,,,,,,
https://krisha.kz/a/show/1008814895,"1-комнатная квартира · 69 м² · 6/14 этаж, Культеген",190000,51.132248,71.504432,1008814895,arenda,kvartiry,1,69.0,6,False,False,monthly,"Астана, Есильский р-н","69 м², Площадь кухни — 12 м²",False,2026-08-05T16:23:00+00:00,,6 из 14,,"не новый, но аккуратный и чистый ремонт",частично,домофон,нет,"кровать, обеденный стол, кухонный гарнитур","интернет, телевизор, стиральная машина, холодильник, микроволновая печь, посуда, лифт",совмещен,1,ванна,"во двор, на улицу",,"семейной паре, одному человеку",,1,,,,,,,,,
https://krisha.kz/a/show/676554618,"2-комнатная квартира · 102 м² · 11/12 этаж, Достык 13",375000,51.126709,71.43484,676554618,arenda,kvartiry,2,102.0,3,False,False,monthly,"Астана, Есильский р-н",102 м²,False,2026-08-05T16:23:00+00:00,Нурсая,11 из 12,,"не новый, но аккуратный и чистый ремонт",полностью,"домофон, видеонаблюдение",нет,"кровать, обеденный стол, кухонный гарнитур, диван","интернет, телевизор, стиральная машина, холодильник, микроволновая печь, пылесос, посуда, сушилка, лифт",,1,ванна,"во двор, на улицу",2,"семейной паре, некурящим, одному человеку, можно с детьми",ТОО СК Элитстрой,2,кирпичный,2010,да,бронированная,есть возможность подключения,,рядом охраняемая стоянка,,
https://krisha.kz/a/show/1014447633,"1-комнатная квартира · 32.3 м² · 6/12 этаж, Е 915",240000,51.088362220065,71.466062664931,1014447633,arenda,kvartiry,1,32.3,25,False,False,monthly,"Астана, Есильский р-н",32.3 м²,False,2026-08-05T16:23:00+00:00,Jetisu.Kerbez,6 из 12,,,полностью,"домофон, видеодомофон",нет,"обеденный стол, шкаф для одежды, кухонный гарнитур, диван","телевизор, стиральная машина, холодильник, посуда, сушилка, лифт",совмещен,1,ванна,во двор,1,"семейной паре, некурящим, одному человеку",BI Group Север,,,,,,,,,,
https://krisha.kz/a/show/1014196503,"1-комнатная квартира · 54 м² · 2/6 этаж, Кабанбай батыра 75а",230000,51.059717039665,71.41189314558,1014196503,arenda,kvartiry,1,54.0,7,False,False,monthly,"Астана, Есильский р-н","54 м², Площадь кухни — 12 м²",False,2026-08-05T16:23:00+00:00,Family Park,2 из 6,,"не новый, но аккуратный и чистый ремонт",полностью,,нет,"обеденный стол, шкаф для одежды, кухонный гарнитур, диван","стиральная машина, холодильник, лифт",разделен,2,ванна,"во двор, на улицу",,"семейной паре, некурящим, можно с детьми",,,,,,,,,,,
https://krisha.kz/a/show/1014312582,"1-комнатная квартира · 32 м² · 7 этаж, Бухар жырау 26 — Кабанбай батыр",250000,51.102004540079,71.408536034319,1014312582,arenda,kvartiry,1,32.0,5,False,False,monthly,"Астана, Есильский р-н","32 м², Площадь кухни — 6 м²",False,2026-08-05T16:23:00+00:00,Garden View,7,,"свежий ремонт, новая мебель",,,нет,"кровать, шкаф для одежды, кухонный гарнитур, рабочий стол","интернет, стиральная машина, холодильник, пылесос, посуда, сушилка",,,,,,,BI Group Север,,,,,,,,,,
https://krisha.kz/a/show/694812236,"2-комнатная квартира · 42 м² · 8/9 этаж, Жумекена Нажимеденова 19",200000,51.113174276915,71.516370177214,694812236,arenda,kvartiry,2,42.0,7,False,False,monthly,"Астана, Алматы р-н",42 м²,False,2026-08-05T16:23:00+00:00,Восток по Нажимеденова,8 из 9,да,"не новый, но аккуратный и чистый ремонт",полностью,домофон,нет,"кровать, обеденный стол, шкаф для одежды, кухонный гарнитур, диван","интернет, телевизор, стиральная машина, холодильник, лифт",совмещен,1,ванна,на улицу,,"семейной паре, некурящим, одному человеку, можно с детьми",,1,,,,,,,,,
https://krisha.kz/a/show/1011506264,"2-комнатная квартира · 40 м² · 10/15 этаж, Кошкарбаева 13",260000,51.126763241259,71.482781887956,1011506264,arenda,kvartiry,2,40.0,13,False,False,monthly,"Астана, Алматы р-н",40 м²,False,2026-08-05T16:23:00+00:00,SARDAR,10 из 15,да,,полностью,"домофон, видеонаблюдение",нет,"кровать, обеденный стол, шкаф для одежды, кухонный гарнитур, рабочий стол, диван","стиральная машина, холодильник, микроволновая печь, кондиционер, лифт",совмещен,1,ванна,во двор,1,семейной паре,Sardar Group,,,,,,,,,,
https://krisha.kz/a/show/1014576998,"1-комнатная квартира · 38 м² · 9/12 этаж, Кобланды батыра 7",190000,51.154861719445,71.521094698798,1014576998,arenda,kvartiry,1,38.0,5,False,False,monthly,"Астана, Алматы р-н",38 м²,False,2026-08-05T16:23:00+00:00,3 гектара,9 из 12,,"свежий ремонт, новая мебель",полностью,"решетки на окнах, домофон, видеонаблюдение, видеодомофон",нет,"кровать, обеденный стол, шкаф для одежды, кухонный гарнитур, рабочий стол, диван","телевизор, стиральная машина, холодильник, микроволновая печь, посуда, лифт",совмещен,1,ванна,во двор,1,,BAZIS–А,нет,,,,,,,,,
https://krisha.kz/a/show/1013107304,"1-комнатная квартира · 44 м² · 13/19 этаж, мкр Шубар, Наркескен 1/1",400000,51.149043,71.42786,1013107304,arenda,kvartiry,1,44.0,8,False,False,monthly,"Астана, Есильский р-н","44 м², Площадь кухни — 10 м²",False,2026-08-05T16:23:00+00:00,Esil Riverside,13 из 19,да,"свежий ремонт, новая мебель",полностью,"охрана, домофон, кодовый замок, сигнализация, видеонаблюдение, видеодомофон, консьерж",нет,"кровать, обеденный стол, шкаф для одежды, кухонный гарнитур, рабочий стол, диван","интернет, телевизор, стиральная машина, холодильник, микроволновая печь, пылесос, посуда, сушилка, лифт",совмещен,1,душевая кабина,во двор,нет,одному человеку,BI Group Юг,нет,,,,,,,,,
https://krisha.kz/a/show/1013614705,"1-комнатная квартира · 45 м² · 3/9 этаж, Майкайын 14 — Бауыржана Момышулы",280000,51.133193410492,71.466378314356,1013614705,arenda,kvartiry,1,45.0,7,False,False,monthly,"Астана, Алматы р-н","45 м², Площадь кухни — 15 м²",False,2026-08-05T16:23:00+00:00,Tengri City Jassyl,3 из 9,,"свежий ремонт, новая мебель",,"решетки на окнах, домофон, кодовый замок, сигнализация, видеонаблюдение, видеодомофон",нет,"кровать, обеденный стол, шкаф для одежды, кухонный гарнитур, рабочий стол, диван","интернет, телевизор, стиральная машина, холодильник, микроволновая печь, посудомоечная машина, кондиционер, пылесос, посуда, сушилка, кладовая, лифт",разделен,1,душевая кабина,во двор,1,"семейной паре, некурящим",Tumar Group,,,,,,,,,,
https://krisha.kz/a/show/762218178,"2-комнатная квартира · 43 м² · 5/16 этаж, Мангилик ел 54",230000,51.090585,71.426126,762218178,arenda,kvartiry,2,43.0,0,False,False,monthly,"Астана, Есильский р-н",43 м²,False,2026-08-05T16:23:00+00:00,,5 из 16,,"не новый, но аккуратный и чистый ремонт",полностью,,нет,"кровать, обеденный стол, шкаф для одежды, кухонный гарнитур, рабочий стол, диван","интернет, телевизор, стиральная машина, холодильник",,,,,,,,,,,,,,,,,
https://krisha.kz/a/show/1014577120,"2-комнатная квартира · 53 м² · 4/8 этаж, Айтеке би 3 блок А — Е155",250000,51.137815764711,71.37933559229,1014577120,arenda,kvartiry,2,53.0,10,False,False,monthly,Астана,"53 м², Площадь кухни — 10 м²",False,2026-08-05T16:23:00+00:00,Aurora,4 из 8,,"свежий ремонт, новая мебель",полностью,"домофон, видеонаблюдение",нет,"кровать, обеденный стол, шкаф для одежды, кухонный гарнитур, диван","стиральная машина, холодильник, микроволновая печь, посудомоечная машина, сушилка, лифт",совмещен,1,ванна,на улицу,нет,"семейной паре, некурящим, одному человеку",SADI-групп,1,,,,,,,,,
https://krisha.kz/a/show/698114504,"2-комнатная квартира · 54 м² · 4/10 этаж, Алихан Бокейхан 15/1 — Бухар жырау/ Алихан Бокейхан",300000,51.100209236141,71.434401317166,698114504,arenda,kvartiry,2,54.0,10,False,False,monthly,"Астана, Есильский р-н",54 м²,False,2026-08-05T16:23:00+00:00,Люксембург,4 из 10,да,"свежий ремонт, новая мебель",полностью,"охрана, домофон, сигнализация, видеонаблюдение",нет,"кровать, обеденный стол, шкаф для одежды, кухонный гарнитур, рабочий стол, диван","интернет, телевизор, стиральная машина, холодильник, микроволновая печь, кондиционер, пылесос, посуда, сушилка, лифт",совмещен,1,ванна,на улицу,1,"семейной паре, некурящим, одному человеку",G-Park,,,,,,,,,,
https://krisha.kz/a/show/1014577167,"2-комнатная квартира · 44 м² · 6/9 этаж, Проспект Тауелсиздик 47а — Бауыржана Момышулы",350000,51.132987738707,71.465696750293,1014577167,arenda,kvartiry,2,44.0,5,False,False,monthly,"Астана, Алматы р-н",44 м²,False,2026-08-05T16:23:00+00:00,Tengri City Jassyl,6 из 9,,"свежий ремонт, новая мебель",полностью,"охрана, видеонаблюдение, видеодомофон, консьерж",нет,"кровать, обеденный стол, шкаф для одежды, кухонный гарнитур, рабочий стол, диван","интернет, стиральная машина, холодильник, микроволновая печь, посудомоечная машина, кондиционер, пылесос, посуда, сушилка, кладовая, лифт",совмещен,1,ванна,на улицу,,"семейной паре, некурящим, одному человеку",Tumar Group,1,,,,,,,,,
https://krisha.kz/a/show/689657663,"4-комнатная квартира · 125 м² · 4/16 этаж, Туркестан 28",800000,51.100834,71.424698,689657663,arenda,kvartiry,4,125.0,9,False,False,monthly,"Астана, Есильский р-н","125 м², Площадь кухни — 14 м²",False,2026-08-05T16:23:00+00:00,Park Avenue Exclusive,4 из 16,,"свежий ремонт, новая мебель",полностью,"охрана, домофон, кодовый замок, видеонаблюдение, видеодомофон",нет,"кровать, обеденный стол, шкаф для одежды, кухонный гарнитур, рабочий стол, диван","интернет, телевизор, стиральная машина, холодильник, микроволновая печь, посудомоечная машина, сушилка, лифт",разделен,2,ванна,"во двор, на улицу",1,"семейной паре, некурящим, можно с детьми",BI Group Юг,,,,,,,,,,
https://krisha.kz/a/show/1013563280,"2-комнатная квартира · 75 м² · 7/12 этаж, Сарыарқа 11",300000,51.163392,71.407935,1013563280,arenda,kvartiry,2,75.0,4,False,False,monthly,"Астана, Сарыарка р-н",75 м²,False,2026-08-05T16:23:00+00:00,,7 из 12,да,"не новый, но аккуратный и чистый ремонт",полностью,"решетки на окнах, домофон, видеонаблюдение",,"кровать, обеденный стол, шкаф для одежды, кухонный гарнитур, рабочий стол, диван","интернет, телевизор, стиральная машина, холодильник, микроволновая печь, пылесос, посуда, сушилка, кладовая, лифт",совмещен,2,ванна,"во двор, на улицу",2,"семейной паре, некурящим, одному человеку",,1,,,,,,,,,
https://krisha.kz/a/show/1014576829,"2-комнатная квартира · 46 м² · 4/5 этаж, Жеңіс 24",200000,51.170819,71.41302,1014576829,arenda,kvartiry,2,46.0,6,False,False,monthly,"Астана, Сарыарка р-н",46 м²,False,2026-08-05T16:23:00+00:00,,4 из 5,,,полностью,домофон,нет,"кровать, обеденный стол, шкаф для одежды, кухонный гарнитур","стиральная машина, холодильник",разделен,,ванна,на улицу,,некурящим,,,,,,,,,,,
https://krisha.kz/a/show/1000431574,"1-комнатная квартира · 38 м² · 10 этаж, Улы Дала 31 — Пересечение Улы-дала и Туран",250000,51.100161,71.398862,1000431574,arenda,kvartiry,1,38.0,10,False,False,monthly,"Астана, Нура р-н",38 м²,False,2026-08-05T16:23:00+00:00,Alpamys,10,да,"свежий ремонт, новая мебель",полностью,"охрана, домофон, кодовый замок, видеонаблюдение",,"кровать, обеденный стол, шкаф для одежды, кухонный гарнитур, диван","микроволновая печь, кондиционер, посуда, сушилка, лифт",,,,во двор,1,,ТОО Mercury Planet,,,,,,,,,,
https://krisha.kz/a/show/1000543884,"3-комнатная квартира · 105 м² · 10/20 этаж, Турар Рыскулов 1",1000000,51.087374447663,71.403940528734,1000543884,arenda,kvartiry,3,105.0,24,False,False,monthly,"Астана, Есильский р-н",105 м²,False,2026-08-05T16:23:00+00:00,Nexpo Classic,10 из 20,,,полностью,"охрана, кодовый замок, видеонаблюдение, видеодомофон",нет,"кровать, обеденный стол, шкаф для одежды, кухонный гарнитур, диван","интернет, телевизор, стиральная машина, холодильник, микроволновая печь, посудомоечная машина, кондиционер, пылесос, посуда, сушилка, лифт",совмещен,2,"душевая кабина, ванна",во двор,,"семейной паре, некурящим, одному человеку, можно с детьми",BI Group Юг,,,,,,,,,,
https://krisha.kz/a/show/1014576597,"1-комнатная квартира · 38 м² · 5/9 этаж, Туран 55/6",220000,51.110941,71.395808,1014576597,arenda,kvartiry,1,38.0,0,False,False,monthly,"Астана, Нура р-н",38 м²,False,2026-08-05T16:23:00+00:00,,5 из 9,,"свежий ремонт, новая мебель",полностью,"охрана, домофон, видеонаблюдение, видеодомофон",нет,"обеденный стол, шкаф для одежды, кухонный гарнитур, диван","интернет, телевизор, стиральная машина, холодильник, микроволновая печь, посуда, сушилка, лифт",совмещен,1,ванна,на улицу,1,"семейной паре, некурящим, одному человеку",,1,,,,,,,,,
https://krisha.kz/a/show/1014576614,"2-комнатная квартира · 60 м² · 7/9 этаж, Рыскулбекова 16/1-3",250000,51.158609019043,71.504933522883,1014576614,arenda,kvartiry,2,60.0,12,False,False,monthly,"Астана, Алматы р-н",60 м²,False,2026-08-05T16:23:00+00:00,Достар-3,7 из 9,,"не новый, но аккуратный и чистый ремонт",полностью,"домофон, видеонаблюдение",нет,"кровать, обеденный стол, шкаф для одежды, кухонный гарнитур, рабочий стол, диван","интернет, телевизор, стиральная машина, холодильник, микроволновая печь, кондиционер, пылесос, лифт",,,,,,"семейной паре, некурящим",BI Group Юг,,,,,,,,,,
https://krisha.kz/a/show/1006021003,"2-комнатная квартира · 60 м² · 9/10 этаж, Туран",350000,51.115453,71.402554,1006021003,arenda,kvartiry,2,60.0,9,False,False,monthly,"Астана, Есильский р-н",60 м²,False,2026-08-05T16:23:00+00:00,Alma Park,9 из 10,,"не новый, но аккуратный и чистый ремонт",полностью,"охрана, домофон, кодовый замок, сигнализация, видеонаблюдение, видеодомофон",нет,"кровать, обеденный стол, шкаф для одежды, кухонный гарнитур, диван","интернет, телевизор, стиральная машина, холодильник, микроволновая печь, посудомоечная машина, кондиционер, посуда, сушилка, лифт",совмещен,1,душевая кабина,на улицу,1,"семейной паре, некурящим, одному человеку",Alma Park,1,,,,,,,,,
https://krisha.kz/a/show/1014576401,"4-комнатная квартира · 101 м² · 6/9 этаж, Иманбаева 8/3 — Иманова/Иманьаева",370000,51.162409,71.438298,1014576401,arenda,kvartiry,4,101.0,23,False,False,monthly,"Астана, р-н Байконур","101 м², Площадь кухни — 20 м²",False,2026-08-05T16:23:00+00:00,,6 из 9,,"не новый, но аккуратный и чистый ремонт",полностью,"домофон, кодовый замок, видеонаблюдение",нет,"кровать, обеденный стол, шкаф для одежды, кухонный гарнитур, рабочий стол, диван","интернет, телевизор, стиральная машина, холодильник, микроволновая печь, пылесос, посуда, сушилка, лифт",разделен,2,душевая кабина,"во двор, на улицу",2,"семейной паре, некурящим, одному человеку, можно с детьми",,нет,,,,,,,,,
https://krisha.kz/a/show/1003017278,"1-комнатная квартира · 40 м² · 4/9 этаж, Толе би 46 — Е-10",200000,51.124408472459,71.394992338038,1003017278,arenda,kvartiry,1,40.0,6,False,False,monthly,"Астана, Нура р-н","40 м², Площадь кухни — 8 м²",False,2026-08-05T16:23:00+00:00,Nova city на Туране,4 из 9,,"свежий ремонт, новая мебель",полностью,"охрана, домофон, кодовый замок, сигнализация, видеонаблюдение",нет,"кровать, обеденный стол, шкаф для одежды, кухонный гарнитур, рабочий стол, диван","интернет, стиральная машина, холодильник, микроволновая печь, пылесос, сушилка, лифт",совмещен,1,ванна,на улицу,1,"семейной паре, некурящим, одному человеку, можно с детьми",BI Group Юг,нет,,,,,,,,,
https://krisha.kz/a/show/1014576294,"1-комнатная квартира · 35 м² · 7/9 этаж, А-91 12",200000,51.118902,71.522677,1014576294,arenda,kvartiry,1,35.0,5,False,False,monthly,"Астана, Сарыарка р-н",35 м²,False,2026-08-05T16:23:00+00:00,,7 из 9,,"не новый, но аккуратный и чистый ремонт",полностью,домофон,нет,"обеденный стол, шкаф для одежды, кухонный гарнитур, диван","телевизор, стиральная машина, холодильник, микроволновая печь, посудомоечная машина, пылесос, посуда, сушилка, лифт",совмещен,1,ванна,на улицу,,некурящим,,1,,,,,,,,,
https://krisha.kz/a/show/1011692676,"1-комнатная квартира · 45 м² · 7/9 этаж, Улы Дала 27а-г",250000,51.093918650452,71.42122083165,1011692676,arenda,kvartiry,1,45.0,7,False,False,monthly,"Астана, Есильский р-н","45 м², Площадь кухни — 14 м²",False,2026-08-05T16:23:00+00:00,Expo New Life,7 из 9,,,полностью,"домофон, видеодомофон",нет,"кровать, обеденный стол, шкаф для одежды, кухонный гарнитур, рабочий стол, диван","интернет, телевизор, стиральная машина, холодильник, микроволновая печь, пылесос, сушилка, лифт",совмещен,1,ванна,,1,,Шанг Хи Груп,,,,,,,,,,
https://krisha.kz/a/show/1014576334,"1-комнатная квартира · 44 м² · 9/10 этаж, Бокейхана 25B — Экспо",230000,51.087586011104,71.42876353873,1014576334,arenda,kvartiry,1,44.0,0,False,False,monthly,"Астана, Есильский р-н","44 м², Площадь кухни — 10 м²",False,2026-08-05T16:23:00+00:00,Apple City,9 из 10,,"свежий ремонт, новая мебель",полностью,,нет,,,,,,,,,SAT-NS,,,,,,,,,,
https://krisha.kz/a/show/1012768582,"1-комнатная квартира · 36 м² · 12/22 этаж, Бектурова 4/6",220000,51.120120793032,71.397829055786,1012768582,arenda,kvartiry,1,36.0,5,False,False,monthly,"Астана, Нура р-н","36 м², Площадь кухни — 10 м²",False,2026-08-05T16:23:00+00:00,Алтын Шар 2,12 из 22,,"не новый, но аккуратный и чистый ремонт",полностью,"домофон, видеонаблюдение, видеодомофон",нет,"обеденный стол, шкаф для одежды, кухонный гарнитур, диван","интернет, телевизор, стиральная машина, холодильник, микроволновая печь, пылесос, посуда, сушилка, лифт",совмещен,1,ванна,во двор,1,"семейной паре, некурящим, одному человеку, можно с детьми",Шар-Құрылыс,,,,,,,,,,
https://krisha.kz/a/show/1013482076,"1-комнатная квартира · 44 м² · 9/14 этаж, Айтматова 27 — Сыганак",200000,51.131542,71.359902,1013482076,arenda,kvartiry,1,44.0,13,False,False,monthly,"Астана, Нура р-н","44 м², Площадь кухни — 8 м²",False,2026-08-05T16:23:00+00:00,,9 из 14,,"не новый, но аккуратный и чистый ремонт",,домофон,,"кровать, обеденный стол, шкаф для одежды, кухонный гарнитур","интернет, стиральная машина, лифт",совмещен,1,ванна,во двор,,семейной паре,,1,,,,,,,,,
https://krisha.kz/a/show/1011318632,"2-комнатная квартира · 60 м² · 12/14 этаж, Сыганак 54",300000,51.123004801109,71.421511626194,1011318632,arenda,kvartiry,2,60.0,12,False,False,monthly,"Астана, Есильский р-н","60 м², Площадь кухни — 12 м²",False,2026-08-05T16:23:00+00:00,Номад,12 из 14,,"не новый, но аккуратный и чистый ремонт",полностью,"домофон, видеонаблюдение",нет,"кровать, обеденный стол, шкаф для одежды, кухонный гарнитур, диван","телевизор, стиральная машина, холодильник, микроволновая печь, кондиционер, посуда, лифт",совмещен,1,ванна,во двор,,"семейной паре, некурящим",BI Group Юг,1,,,,,,,,,
https://krisha.kz/a/show/1008073100,"2-комнатная квартира · 76.4 м² · 2/12 этаж, Мухамедханова 4, 4а, 4Б, 4/1, 4/2, 4/3",450000,51.137286910221,71.402911998916,1008073100,arenda,kvartiry,2,76.4,11,False,False,monthly,"Астана, Нура р-н","76.4 м², Площадь кухни — 16 м²",False,2026-08-05T16:23:00+00:00,GreenLine.Tokyo,2 из 12,,"свежий ремонт, новая мебель",полностью,"охрана, домофон, кодовый замок, видеонаблюдение, видеодомофон",нет,"кровать, обеденный стол, шкаф для одежды, кухонный гарнитур, диван","стиральная машина, холодильник, микроволновая печь, лифт",разделен,1,ванна,"во двор, на улицу",1,,BI Group Юг,,,,,,,,,,
https://krisha.kz/a/show/1009897125,"2-комнатная квартира · 70 м² · 4/5 этаж, Молдагулова 32 — Пересечение бейбишилик",280000,51.18581,71.416918,1009897125,arenda,kvartiry,2,70.0,8,False,False,monthly,"Астана, Сарыарка р-н","70 м², Площадь кухни — 6 м²",False,2026-08-05T16:23:00+00:00,,4 из 5,,"не новый, но аккуратный и чистый ремонт",,домофон,нет,"кровать, обеденный стол, шкаф для одежды, кухонный гарнитур, диван","телевизор, стиральная машина, холодильник, микроволновая печь",совмещен,1,ванна,во двор,1,"семейной паре, одному человеку",,нет,,,,,,,,,
https://krisha.kz/a/show/1006054025,"2-комнатная квартира · 75 м² · 7/9 этаж, Толе би 54",750000,51.133660973208,71.398980617305,1006054025,arenda,kvartiry,2,75.0,20,False,False,monthly,"Астана, Нура р-н","75 м², Площадь кухни — 21 м²",False,2026-08-05T16:23:00+00:00,GreenLine.Headliner Exclusive,7 из 9,,"свежий ремонт, новая мебель",полностью,"охрана, домофон, кодовый замок, сигнализация, видеонаблюдение, видеодомофон, консьерж",нет,"кровать, обеденный стол, шкаф для одежды, кухонный гарнитур, рабочий стол, диван","интернет, телевизор, стиральная машина, холодильник, микроволновая печь, кондиционер, пылесос, посуда, сушилка, кладовая, лифт",совмещен,1,ванна,,1,"семейной паре, одному человеку, можно с животными, можно с детьми",BI Group Север,,,,,,,,,,
https://krisha.kz/a/show/1014576089,"2-комнатная квартира · 36 м² · 7/12 этаж, Чингиза Айтматова 77/1",250000,51.165843,71.373898,1014576089,arenda,kvartiry,2,36.0,9,False,False,monthly,"Астана, Нура р-н",36 м²,False,2026-08-05T16:23:00+00:00,,7 из 12,,"свежий ремонт, новая мебель",полностью,"домофон, кодовый замок, видеонаблюдение",нет,"кровать, обеденный стол, шкаф для одежды, кухонный гарнитур, диван","интернет, телевизор, стиральная машина, холодильник, микроволновая печь, сушилка, лифт",совмещен,1,ванна,"во двор, на улицу",,"семейной паре, одному человеку",,,,,,,,,,,
https://krisha.kz/a/show/1006306861,"1-комнатная квартира · 38 м² · 7/9 этаж, Сатпаева 31",200000,51.137917,71.477779,1006306861,arenda,kvartiry,1,38.0,6,False,False,monthly,"Астана, Алматы р-н",38 м²,False,2026-08-05T16:23:00+00:00,,7 из 9,,"свежий ремонт, новая мебель",полностью,,,"обеденный стол, шкаф для одежды, кухонный гарнитур, диван","интернет, телевизор, стиральная машина, холодильник, посуда, лифт",совмещен,1,ванна,,1,,,,,,,,,,,,
https://krisha.kz/a/show/1014575779,"2-комнатная квартира · 40 м² · 12/12 этаж, Бейбарыс Султан",230000,51.170618303946,71.352739333888,1014575779,arenda,kvartiry,2,40.0,4,False,False,monthly,"Астана, Сарыарка р-н",40 м²,False,2026-08-05T16:23:00+00:00,Rio de Janeiro,12 из 12,,"свежий ремонт, новая мебель",,"домофон, видеонаблюдение",нет,"обеденный стол, шкаф для одежды, кухонный гарнитур, рабочий стол, диван","стиральная машина, посуда, сушилка, лифт",совмещен,1,ванна,во двор,1,"семейной паре, некурящим, одному человеку",G-Park,,,,,,,,,,
https://krisha.kz/a/show/1012271003,"1-комнатная квартира · 40.2 м² · 7/9 этаж, ул. Кенжебека Кумисбекова 9/1",200000,51.170554,71.396338,1012271003,arenda,kvartiry,1,40.2,15,False,False,monthly,"Астана, Сарыарка р-н","40.2 м², Площадь кухни — 15 м²",False,2026-08-05T16:23:00+00:00,Целиноград,7 из 9,,"не новый, но аккуратный и чистый ремонт",полностью,"домофон, видеонаблюдение",нет,"кровать, обеденный стол, шкаф для одежды, кухонный гарнитур, рабочий стол, диван","стиральная машина, холодильник",совмещен,1,ванна,во двор,1,"семейной паре, некурящим, одному человеку, можно с детьми",Сади Групп,,,,,,,,,,
https://krisha.kz/a/show/1014576086,"3-комнатная квартира · 70 м² · 2/9 этаж, Женис 34 — Богенбая Батыр -Женис",250000,51.176308,71.411627,1014576086,arenda,kvartiry,3,70.0,7,False,False,monthly,"Астана, Сарыарка р-н","70 м², Площадь кухни — 10 м²",False,2026-08-05T16:23:00+00:00,,2 из 9,,"не новый, но аккуратный и чистый ремонт",,"решетки на окнах, домофон, видеонаблюдение",нет,"кровать, обеденный стол, шкаф для одежды, кухонный гарнитур, диван","стиральная машина, холодильник, посуда",совмещен,1,ванна,на улицу,,"семейной паре, некурящим",,2,,,,,,,,,
https://krisha.kz/a/show/672843549,"2-комнатная квартира · 46 м² · 10/14 этаж, Сарыарка 43",200000,51.180404085809,71.403987573358,672843549,arenda,kvartiry,2,46.0,7,False,False,monthly,"Астана, Сарыарка р-н","46 м², жилая — 40 м², Площадь кухни — 6 м²",False,2026-08-05T16:23:00+00:00,Махаббат,10 из 14,да,"не новый, но аккуратный и чистый ремонт",частично,видеонаблюдение,нет,"обеденный стол, шкаф для одежды, диван","стиральная машина, холодильник, лифт",совмещен,1,ванна,во двор,лоджия,"семейной паре, некурящим, одному человеку, можно с детьми",Азбука Жилья Новостройки,1,кирпичный,2009,да,металлическая,отдельный,ADSL,рядом охраняемая стоянка,ламинат,2.7 м
https://krisha.kz/a/show/1014576013,"2-комнатная квартира · 57 м² · 16/17 этаж, Шаймерденова 4/3",250000,51.107974191142,71.5311741818,1014576013,arenda,kvartiry,2,57.0,8,False,False,monthly,"Астана, Алматы р-н",57 м²,False,2026-08-05T16:23:00+00:00,Atamura,16 из 17,,"свежий ремонт, новая мебель",,"решетки на окнах, видеонаблюдение",нет,"кровать, обеденный стол, шкаф для одежды, кухонный гарнитур, диван","стиральная машина, холодильник, посуда",совмещен,1,ванна,"во двор, на улицу",1,"семейной паре, некурящим, одному человеку",Компания Jetisu,нет,,,,,,,,,
